email,first_name,last_name,zip_code,city,street_address
mcollingdon0@springer.com,Mersey,Collingdon,00-001,Warszawa,7 Duke Street
cfoulser1@furl.net,Carney,Foulser,05-070,Sulejówek,76 Waubesa Terrace
wlaible2@liveinternet.ru,Wright,Laible,05-071,Sulejówek,69 Tomscot Place
gnoen3@paginegialle.it,Ganny,Noen,05-074,Halinów,9999 Kings Park
skilliner4@abc.net.au,Sawyere,Killiner,05-079,Halinów,5145 Lyons Pass
pdomek5@merriam-webster.com,Pierette,Domek,05-080,Izabelin,236 Gulseth Road
dsimmens6@tripod.com,Dannel,Simmens,05-082,Stare Babice,72587 Sachtjen Way
glodemann7@homestead.com,Gabbi,Lodemann,05-083,Leszno,98677 Jenna Court
aoatley8@statcounter.com,Amelina,Oatley,05-084,Leszno,874 Northport Point
jcrane9@ovh.net,Jerrie,Crane,05-085,Kampinos,67 Buhler Point
ocleveleya@guardian.co.uk,Orsa,Cleveley,05-088,Brochów,598 Burning Wood Circle
ydepaolib@e-recht24.de,Yank,De Paoli,05-090,Raszyn,2988 Grasskamp Road
twinleyc@cbslocal.com,Thedric,Winley,05-091,Z?bki,8842 Canary Way
rmcdouald@nationalgeographic.com,Randi,McDoual,05-092,?omianki,4 Aberg Drive
mstotharte@bizjournals.com,Madelene,Stothart,05-100,Nowy Dwór Mazowiecki,92248 Mayer Place
tjanouchf@xrea.com,Thurstan,Janouch,05-101,Nowy Dwór Mazowiecki,1175 Towne Place
ebowheyg@nih.gov,Ellynn,Bowhey,05-102,Nowy Dwór Mazowiecki,5 Cambridge Lane
pbalffyeh@msu.edu,Pedro,Balffye,05-110,Jab?onna,98 Fairfield Pass
ewesseli@trellian.com,Edwina,Wessel,05-119,Legionowo,99 Sachs Place
khixsonj@usatoday.com,Konstanze,Hixson,05-120,Legionowo,0055 Bellgrove Circle
elattak@ehow.com,Elianore,Latta,05-123,Jab?onna,8687 Meadow Ridge Place
jgraithl@bbc.co.uk,Juliane,Graith,05-124,Wieliszew,1 Center Hill
jklosterm@ed.gov,Joellen,Kloster,05-126,Niepor?t,7252 Algoma Hill
ebeebeen@ning.com,Eddie,Beebee,05-130,Niepor?t,9992 Londonderry Road
rlamlino@usgs.gov,Ricki,Lamlin,05-131,Serock,407 Oak Trail
npilgrimp@bloomberg.com,Naomi,Pilgrim,05-135,Wieliszew,69 Victoria Parkway
mfilerq@wsj.com,Morena,Filer,05-140,Serock,16 Reinke Alley
hwhaleyr@nydailynews.com,Heidie,Whaley,05-152,Czosnów,336 8th Center
ckitchingmans@economist.com,Celinka,Kitchingman,05-155,Leoncin,150 Waxwing Place
dudyt@marriott.com,Daryl,Udy,05-160,Nowy Dwór Mazowiecki,60967 Springview Trail
agregeru@bluehost.com,Alta,Greger,05-170,Zakroczym,5 Fordem Crossing
bsextonev@arizona.edu,Brenden,Sextone,05-180,Pomiechówek,56 Sutherland Lane
kgreevesonw@studiopress.com,Kerianne,Greeveson,05-190,Nasielsk,6142 Everett Lane
thenzleyx@latimes.com,Taddeo,Henzley,05-191,Nasielsk,95262 Sundown Pass
ytrottery@techcrunch.com,Yorgo,Trotter,05-192,Nowe Miasto,11983 Grasskamp Way
kscroggesz@usa.gov,Karly,Scrogges,05-200,Wo?omin,5 Forest Dale Park
ameaddowcroft10@spiegel.de,Alex,Meaddowcroft,05-205,Klembów,2 Anderson Trail
jshapiro11@opera.com,Jordanna,Shapiro,05-220,Zielonka,557 Schurz Alley
pelland12@chronoengine.com,Pennie,Elland,05-230,Koby?ka,83906 Farwell Street
dmanilove13@oakley.com,Dennis,Manilove,05-240,T?uszcz,2652 Talisman Lane
ebenzing14@dyndns.org,Erica,Benzing,05-250,Radzymin,33 Corscot Drive
drude15@buzzfeed.com,Dorian,Rude,05-252,D?brówka,42284 Sullivan Circle
gskiggs16@chicagotribune.com,Goraud,Skiggs,05-254,D?brówka,9683 Arizona Court
votimony17@imageshack.us,Val,O' Timony,05-255,Radzymin,460 Emmet Place
gfalkinder18@slideshare.net,Glennie,Falkinder,05-270,Marki,9205 Chive Lane
proderigo19@discovery.com,Prinz,Roderigo,05-280,Jadów,0731 Morrow Lane
abullant1a@archive.org,Ashlin,Bullant,05-281,Jadów,02271 Melrose Hill
dmactrustrie1b@delicious.com,Dru,MacTrustrie,05-282,Strachówka,5 Merry Parkway
hprimarolo1c@wsj.com,Hilda,Primarolo,05-303,Mi?sk Mazowiecki,5 Chinook Junction
nsimms1d@storify.com,Nobie,Simms,05-304,Stanis?awów,9 Crownhardt Lane
kwheatland1e@wikispaces.com,Kev,Wheatland,05-306,Jakubów,166 Twin Pines Avenue
sbierman1f@cbslocal.com,Shelly,Bierman,05-307,Dobre,65 Kensington Parkway
gjoules1g@jigsy.com,Gannie,Joules,05-310,Ka?uszyn,46 Delaware Terrace
klermit1h@yahoo.com,Kristoffer,Lermit,05-311,D?be Wielkie,87 Nelson Way
kgisby1i@theatlantic.com,Konrad,Gisby,05-317,Mrozy,73482 Bunting Hill
fduckering1j@weather.com,Ferris,Duckering,05-319,Ceg?ów,716 Talisman Terrace
jskaife1k@ted.com,Jameson,Skaife,05-320,Mrozy,79105 Elka Drive
nnafzger1l@fema.gov,Ned,Nafzger,05-326,Po?wi?tne,7309 Meadow Vale Circle
jherion1m@bbb.org,Jarrod,Herion,05-332,Siennica,5 Magdeline Crossing
fpikesley1n@google.com.br,Florian,Pikesley,05-334,Latowicz,881 Springs Avenue
rwoodes1o@epa.gov,Ric,Woodes,05-340,Ko?biel,899 Ridgeview Way
mscrowby1p@china.com.cn,Mollie,Scrowby,05-400,Otwock,0849 Nancy Circle
atillman1q@pen.io,Aldous,Tillman,05-402,Otwock,5 Florence Lane
nlewty1r@mapy.cz,Nancey,Lewty,05-408,Wi?zowna,152 Myrtle Avenue
cgerhardt1s@over-blog.com,Chloette,Gerhardt,05-430,Celestynów,998 Crowley Court
copfer1t@phoca.cz,Cherise,Opfer,05-462,Wi?zowna,115 Dryden Point
mvaines1u@hp.com,Mariska,Vaines,05-480,Karczew,431 Fair Oaks Avenue
gdantesia1v@eventbrite.com,Gearalt,Dantesia,05-500,Piaseczno,874 Birchwood Point
gortell1w@stanford.edu,Gaby,Ortell,05-501,Lesznowola,279 Kensington Pass
mgambell1x@infoseek.co.jp,Martica,Gambell,05-502,Piaseczno,48990 North Hill
sgareisr1y@oracle.com,Shawna,Gareisr,05-503,Piaseczno,6 Red Cloud Lane
jgrimme1z@usgs.gov,Janean,Grimme,05-504,Piaseczno,255 Debs Park
mfennelly20@fema.gov,Mortie,Fennelly,05-505,Pra?mów,7503 International Trail
stopham21@chronoengine.com,Sela,Topham,05-506,Lesznowola,9 Texas Avenue
cedgeler22@acquirethisname.com,Catlaina,Edgeler,05-510,Konstancin-Jeziorna,903 Kings Drive
byuryshev23@goo.gl,Brittaney,Yuryshev,05-520,Konstancin-Jeziorna,7587 Westridge Center
zreinbech24@diigo.com,Zsazsa,Reinbech,05-530,Góra Kalwaria,834 Anhalt Road
fpincott25@nsw.gov.au,Freddie,Pincott,05-532,Góra Kalwaria,86825 Macpherson Junction
sdurn26@sbwire.com,Sal,Durn,05-540,Pra?mów,8 Springs Lane
ktrinkwon27@mail.ru,Kiel,Trinkwon,05-552,Lesznowola,165 Oakridge Point
wgilpillan28@wikia.com,Wendall,Gilpillan,05-555,Tarczyn,63994 Homewood Lane
hpotier29@istockphoto.com,Hermione,Potier,05-600,Grójec,92 Buena Vista Plaza
rreihill2a@plala.or.jp,Randi,Reihill,05-604,Jasieniec,36255 Fulton Point
amcinnes2b@behance.net,Anna-maria,McInnes,05-610,Goszczyn,02791 Carioca Avenue
ykinforth2c@va.gov,Yancey,Kinforth,05-620,B??dów,1 Sunnyside Trail
ctungate2d@uol.com.br,Corny,Tungate,05-622,Belsk Du?y,413 Express Plaza
kantonsen2e@state.tx.us,Katharyn,Antonsen,05-640,Mogielnica,15 Sherman Lane
bbellini2f@macromedia.com,Bobbette,Bellini,05-650,Chynów,4 Rockefeller Drive
phinkins2g@amazonaws.com,Paige,Hinkins,05-652,Pniewy,50 Porter Pass
kdorsey2h@artisteer.com,Kerby,Dorsey,05-660,Warka,724 Charing Cross Court
ssnellman2i@1688.com,Silvano,Snellman,05-800,Pruszków,18 Fairview Court
opughe2j@yolasite.com,Orsa,Pughe,05-802,Pruszków,5295 Dahle Center
cwoolforde2k@engadget.com,Creighton,Woolforde,05-803,Pruszków,6 Hansons Junction
hpaullin2l@geocities.com,Holly-anne,Paullin,05-804,Pruszków,91723 Butterfield Circle
jhethron2m@taobao.com,Joela,Hethron,05-805,Brwinów,87 Elka Center
aberkelay2n@psu.edu,Allyson,Berkelay,05-806,Micha?owice,5 Jenna Place
elewisham2o@home.pl,Eolande,Lewisham,05-807,Podkowa Le?na,7 Homewood Way
aflemming2p@diigo.com,Andros,Flemming,05-808,Brwinów,2 Bellgrove Hill
fnewrick2q@purevolume.com,Fayre,Newrick,05-816,Micha?owice,0 Prentice Avenue
lhrus2r@istockphoto.com,Laney,Hrus,05-820,Micha?owice,35342 Center Alley
lgouny2s@github.io,Lev,Gouny,05-822,Milanówek,536 Browning Place
biuorio2t@chicagotribune.com,Baird,Iuorio,05-825,Grodzisk Mazowiecki,22 Hermina Court
aodonovan2u@ox.ac.uk,Aubree,O'Donovan,05-830,Nadarzyn,256 Roxbury Parkway
hohannay2v@biblegateway.com,Horton,O'Hannay,05-831,Nadarzyn,2 Bartelt Terrace
ptalton2w@barnesandnoble.com,Pincus,Talton,05-840,Brwinów,996 Sommers Plaza
mgherarducci2x@forbes.com,Matt,Gherarducci,05-850,O?arów Mazowiecki,1861 Fordem Plaza
apietraszek2y@zdnet.com,Alon,Pietraszek,05-860,O?arów Mazowiecki,08016 Homewood Lane
flaight2z@goodreads.com,Flynn,Laight,05-870,B?onie,92 Eagan Point
dwildber30@linkedin.com,Donnie,Wildber,06-100,Pu?tusk,309 Meadow Vale Place
vchavez31@phpbb.com,Vania,Chavez,06-102,Pu?tusk,5302 Fisk Point
cleggett32@dmoz.org,Collen,Leggett,06-114,Pokrzywnica,9616 Claremont Place
kcroal33@alibaba.com,Kaycee,Croal,06-120,Winnica,732 Sauthoff Plaza
dcotmore34@hibu.com,Delores,Cotmore,06-121,Pokrzywnica,0798 Gulseth Parkway
astandell35@stumbleupon.com,Arly,Standell,06-124,Gzy,7 Trailsway Junction
ahurnell36@eepurl.com,Alikee,Hurnell,06-126,Gzy,73414 Maple Wood Road
kwoodberry37@issuu.com,Kathrine,Woodberry,06-141,Winnica,4479 Grim Trail
zandrolli38@tripadvisor.com,Zach,Androlli,06-150,?wiercze,197 Meadow Vale Plaza
kmateus39@ucla.edu,Kiley,Mateus,06-200,Maków Mazowiecki,103 Monterey Point
rteeney3a@newsvine.com,Ronna,Teeney,06-210,P?oniawy-Bramura,68 Carioca Place
shannigane3b@ask.com,Scot,Hannigane,06-211,P?oniawy-Bramura,8 Buhler Hill
gashment3c@naver.com,Giraud,Ashment,06-212,Krasnosielc,2 Northfield Circle
pbeaglehole3d@webs.com,Pearl,Beaglehole,06-213,Sypniewo,598 Duke Road
lfilippozzi3e@domainmarket.com,Lalo,Filippozzi,06-214,Krasnosielc,1548 Waubesa Pass
gklassman3f@time.com,Guinna,Klassman,06-216,Sypniewo,464 Emmet Road
csaint3g@nymag.com,Cami,Saint,06-220,Szelków,148 Drewry Drive
lhabbergham3h@europa.eu,Leora,Habbergham,06-225,Rzewnie,7 Laurel Alley
fsmithe3i@github.com,Faustine,Smithe,06-230,Ró?an,9574 New Castle Circle
mlamdin3j@jigsy.com,Micah,Lamdin,06-231,M?ynarze,9338 Summit Trail
kboig3k@bbc.co.uk,Keelia,Boig,06-232,Czerwonka,3928 Elka Circle
cfenge3l@google.com,Chicky,Fenge,06-300,Przasnysz,8 Fair Oaks Place
jcroucher3m@ehow.com,Joceline,Croucher,06-316,Krzynow?oga Ma?a,1 Di Loreto Plaza
mpoletto3n@shop-pro.jp,Maison,Poletto,06-320,Baranowo,26 Waywood Park
smattiato3o@yellowpages.com,Salomi,Mattiato,06-323,Jednoro?ec,91010 Sloan Junction
escantleberry3p@posterous.com,Elsi,Scantleberry,06-330,Chorzele,0 Maple Court
ldoumer3q@vkontakte.ru,Lorianna,Doumer,06-333,Chorzele,6102 Fordem Place
mducket3r@nymag.com,Moira,Ducket,06-400,Ciechanów,31673 Stephen Hill
cloughrey3s@cdc.gov,Chloette,Loughrey,06-404,Opinogóra Górna,61016 Truax Point
epenwarden3t@addtoany.com,Edeline,Penwarden,06-405,Krasne,3 Grasskamp Center
sfennessy3u@xinhuanet.com,Scotti,Fennessy,06-406,Opinogóra Górna,881 Southridge Junction
vwrixon3v@baidu.com,Verile,Wrixon,06-407,Opinogóra Górna,766 Gina Terrace
shopkins3w@istockphoto.com,Stafani,Hopkins,06-408,Krasne,6658 Texas Trail
gphilson3x@geocities.com,Gal,Philson,06-410,Ciechanów,5 Petterle Trail
mgurnay3y@cbslocal.com,Morton,Gurnay,06-413,Ciechanów,974 Westerfield Junction
clamblin3z@ucla.edu,Calli,Lamblin,06-415,Czernice Borowe,3056 Roth Place
cdarinton40@nifty.com,Chantal,Darinton,06-420,Go?ymin-O?rodek,96755 Goodland Junction
bbooker41@usgs.gov,Bordie,Booker,06-425,Karniewo,47157 Porter Point
owynn42@fotki.com,Obediah,Wynn,06-430,So?sk,26429 Fairview Avenue
aearp43@angelfire.com,Anthia,Earp,06-440,So?sk,5737 Dayton Circle
apidler44@wordpress.com,Amity,Pidler,06-445,Strzegowo,8675 Parkside Circle
hjenken45@icq.com,Harland,Jenken,06-450,Glinojeck,10638 Redwing Plaza
adightham46@amazonaws.com,Afton,Dightham,06-452,Glinojeck,6365 Mandrake Alley
fhubble47@yellowpages.com,Florrie,Hubble,06-455,Glinojeck,7 Blaine Junction
dtwentyman48@tripod.com,Dallis,Twentyman,06-456,Ojrze?,9 Village Green Junction
ustaubyn49@virginia.edu,Ursala,St. Aubyn,06-458,Strzegowo,4 Kennedy Parkway
jsevior4a@icio.us,Jorry,Sevior,06-460,Grudusk,247 Carey Junction
dseathwright4b@telegraph.co.uk,Dougie,Seathwright,06-461,Regimin,056 Laurel Plaza
mboeck4c@i2i.jp,Maure,Boeck,06-500,M?awa,3981 Coolidge Center
xboniface4d@gravatar.com,Ximenez,Boniface,06-513,Wieczfnia Ko?cielna,947 Maple Terrace
taysik4e@psu.edu,Tiffy,Aysik,06-516,Szyd?owo,302 Sugar Avenue
yfarthin4f@topsy.com,Yulma,Farthin,06-520,Dzierzgowo,77889 Weeping Birch Junction
mjedrzejczak4g@oracle.com,Micah,Jedrzejczak,06-521,Wi?niewo,7814 Elgar Lane
fcallaghan4h@sogou.com,Fidelio,Callaghan,06-522,Strzegowo,8 Dunning Lane
gszapiro4i@mozilla.com,Ganny,Szapiro,06-540,Radzanów,90 Sauthoff Terrace
nagate4j@cyberchimps.com,Natalya,Agate,06-544,Lipowiec Ko?cielny,12 Golf Drive
fmcguinley4k@issuu.com,Frederigo,McGuinley,06-545,Lipowiec Ko?cielny,70 Sycamore Hill
respin4l@youtube.com,Raychel,Espin,06-550,Szre?sk,71378 Talmadge Center
mparvin4m@japanpost.jp,Mufi,Parvin,06-560,Stupsk,9 Sunbrook Trail
fbogays4n@boston.com,Fianna,Bogays,06-561,Stupsk,386 Sauthoff Trail
gesposi4o@digg.com,Garrot,Esposi,07-100,W?grów,98840 Del Sol Hill
jbordone4p@google.cn,Joane,Bordone,07-104,Stoczek,34 Coleman Street
nivery4q@wikispaces.com,Nesta,Ivery,07-106,Miedzna,64662 4th Plaza
ahellewell4r@apple.com,Andria,Hellewell,07-110,Gr?bków,617 Bashford Road
blehenmann4s@ebay.co.uk,Benni,Lehenmann,07-111,Wierzbno,1413 Scott Terrace
dcastellani4t@slideshare.net,Derwin,Castellani,07-120,Korytnica,3566 Arkansas Lane
jjenyns4u@yellowpages.com,Jeramey,Jenyns,07-130,?ochów,99894 Sloan Street
nkinloch4v@howstuffworks.com,Noemi,Kinloch,07-132,?ochów,08 Caliangt Circle
tishak4w@prlog.org,Tadio,Ishak,07-140,Sadowne,9 Anthes Avenue
sevensden4x@ed.gov,Sadie,Evensden,07-200,Wyszków,0 Becker Parkway
hhuntriss4y@samsung.com,Harry,Huntriss,07-201,Wyszków,564 Briar Crest Crossing
kmansell4z@aboutads.info,Katy,Mansell,07-202,Wyszków,11794 Summit Pass
ffuente50@51.la,Fanny,Fuente,07-203,Somianka,99 Haas Lane
favis51@state.gov,Ferdinanda,Avis,07-205,Rz??nik,35139 Coleman Court
ckupisz52@princeton.edu,Corabel,Kupisz,07-206,Somianka,38943 Marquette Parkway
dbeever53@miibeian.gov.cn,Dorotea,Beever,07-207,Rz??nik,5734 Truax Circle
kolifaunt54@newyorker.com,Kore,Olifaunt,07-210,D?ugosiod?o,1 Helena Junction
rmatthews55@discovery.com,Rhetta,Matthews,07-211,D?ugosiod?o,44 Hagan Point
okenningley56@artisteer.com,Orella,Kenningley,07-214,Zatory,0 Autumn Leaf Circle
ameadley57@craigslist.org,Amabelle,Meadley,07-215,Obryte,3193 Hazelcrest Park
ublenkensop58@goo.gl,Ulrich,Blenkensop,07-217,Zatory,48108 Comanche Parkway
sbearblock59@hugedomains.com,Sylas,Bearblock,07-221,Bra?szczyk,0514 Quincy Lane
sgreenhill5a@homestead.com,Sonny,Greenhill,07-230,Zabrodzie,01 East Place
rszantho5b@nba.com,Rudd,Szantho,07-300,Ostrów Mazowiecka,7876 Dexter Park
gmallinder5c@linkedin.com,Grove,Mallinder,07-302,Ostrów Mazowiecka,88816 Myrtle Plaza
gstretton5d@csmonitor.com,Gisela,Stretton,07-303,Stary Luboty?,6720 Hanover Plaza
mitzakson5e@furl.net,Marthe,Itzakson,07-304,Ostrów Mazowiecka,8 Karstens Point
lcrommett5f@google.nl,Lorain,Crommett,07-305,Andrzejewo,71 Scofield Point
gsivyour5g@sciencedirect.com,Gerhardt,Sivyour,07-306,Brok,1 Katie Place
rjoret5h@opera.com,Rossy,Joret,07-308,Ostrów Mazowiecka,72372 Express Avenue
cborland5i@wikispaces.com,Cassie,Borland,07-310,Ostrów Mazowiecka,623 Wayridge Trail
igarham5j@fda.gov,Itch,Garham,07-311,W?sewo,60 Fallview Road
jgudeman5k@howstuffworks.com,Joelly,Gudeman,07-319,Ma?kinia Górna,686 Loomis Plaza
swinteringham5l@sina.com.cn,Sheila,Winteringham,07-320,Ma?kinia Górna,2 Old Shore Junction
lriccioppo5m@unicef.org,Lydia,Riccioppo,07-322,Nur,31085 Lakewood Lane
fbunton5n@lycos.com,Finn,Bunton,07-323,Zar?by Ko?cielne,4 Scoville Way
ddurand5o@xing.com,D'arcy,Durand,07-324,Szulborze Wielkie,0985 Sundown Court
emallebone5p@mapquest.com,Elsa,Mallebone,07-325,Boguty-Pianki,18308 Sloan Pass
agiannazzo5q@g.co,Alon,Giannazzo,07-401,Ostro??ka,60332 Eastlawn Hill
mbrunet5r@icio.us,Mildred,Brunet,07-402,Lelis,8 Emmet Street
hkingsnoad5s@upenn.edu,Harvey,Kingsnoad,07-405,Troszyn,84 Jackson Place
gpenrose5t@constantcontact.com,Gerek,Penrose,07-407,Czerwin,07894 Mockingbird Place
jgretton5u@ucoz.com,Jacquelyn,Gretton,07-409,Ostro??ka,87831 Victoria Hill
jtommasi5v@opensource.org,Juliann,Tommasi,07-410,Ostro??ka,07 Gale Road
gstuchburie5w@trellian.com,Germana,Stuchburie,07-411,Rzeku?,772 Hoffman Trail
fiacofo5x@china.com.cn,Fabian,Iacofo,07-415,Olszewo-Borki,0 Mockingbird Trail
cbroke5y@uiuc.edu,Cole,Broke,07-416,Olszewo-Borki,21 John Wall Pass
malesin5z@ibm.com,Montgomery,Alesin,07-417,Ostro??ka,76226 Garrison Lane
tbouette60@si.edu,Tadeas,Bouette,07-420,Kadzid?o,61 Dapin Alley
estyan61@google.es,Ezequiel,Styan,07-430,Myszyniec,79 Dottie Lane
gpeppett62@delicious.com,Gale,Peppett,07-431,Czarnia,2114 Cottonwood Place
cvanacci63@hao123.com,Caye,Vanacci,07-436,?yse,0 Coleman Court
lkenway64@narod.ru,Leo,Kenway,07-437,?yse,67327 Roxbury Parkway
kbalser65@desdev.cn,Katine,Balser,07-438,?yse,93 Fairview Plaza
cconnah66@linkedin.com,Claudina,Connah,07-440,Goworowo,2634 Harbort Court
mbloxland67@sbwire.com,Maye,Bloxland,08-101,Siedlce,8897 Elgar Plaza
coswell68@paypal.com,Charline,Oswell,08-103,Siedlce,03 Hauk Lane
cpechacek69@dmoz.org,Claudette,Pechacek,08-104,Sucho?ebry,71993 Trailsway Place
pshowt6a@ehow.com,Pincas,Showt,08-106,Zbuczyn,88941 Steensland Road
slunck6b@chron.com,Susette,Lunck,08-107,Paprotnia,02 Stang Trail
lroj6c@histats.com,Lucho,Roj,08-108,Korczew,07 Comanche Lane
cjamblin6d@nba.com,Care,Jamblin,08-109,Przesmyki,18 Carberry Junction
sbloschke6e@tripod.com,Suki,Bloschke,08-110,Siedlce,6265 Pepper Wood Circle
kabramamov6f@qq.com,Kania,Abramamov,08-111,Zbuczyn,568 Loomis Street
akershaw6g@surveymonkey.com,Almeria,Kershaw,08-112,Wi?niew,92 Towne Pass
hbarkly6h@goo.ne.jp,Hadria,Barkly,08-113,Domanice,8418 Gerald Park
hlattimore6i@blogspot.com,Hughie,Lattimore,08-114,Skórzec,7608 Heath Avenue
uniesel6j@mit.edu,Urson,Niesel,08-116,Wodynie,2 Redwing Drive
pfurmenger6k@alexa.com,Phaedra,Furmenger,08-117,Wodynie,365 Petterle Street
pkolin6l@springer.com,Pearline,Kolin,08-119,Siedlce,72 Clove Street
rzavattiero6m@biglobe.ne.jp,Robina,Zavattiero,08-122,Kotu?,512 Blue Bill Park Alley
glazenbury6n@weibo.com,Glyn,Lazenbury,08-124,Mokobody,0 Banding Way
vmangenet6o@auda.org.au,Vitoria,Mangenet,08-125,Sucho?ebry,1220 Westerfield Point
tderks6p@360.cn,Tamas,Derks,08-130,Kotu?,83 Weeping Birch Pass
obelchambers6q@blinklist.com,Ollie,Belchambers,08-140,Mordy,9712 Elmside Circle
rbordis6r@upenn.edu,Ricky,Bordis,08-200,?osice,18771 Debra Park
dcorkell6s@bizjournals.com,Dorthea,Corkell,08-205,Stara Kornica,2 Texas Place
bnipper6t@amazonaws.com,Becky,Nipper,08-206,Huszlew,548 Melvin Hill
kwallicker6u@github.io,Ker,Wallicker,08-207,Olszanka,84 Reindahl Point
ncosti6v@unc.edu,Nobe,Costi,08-210,Platerów,4 Acker Court
klowthian6w@simplemachines.org,Kelsi,Lowthian,08-220,Sarnaki,8 Michigan Junction
epalomba6x@cisco.com,Emily,Palomba,08-221,Sarnaki,367 Bultman Park
sferne6y@facebook.com,Sylas,Ferne,08-300,Soko?ów Podlaski,9 Manitowish Trail
dderisley6z@surveymonkey.com,Dionisio,Derisley,08-304,Jab?onna Lacka,835 Prairie Rose Plaza
bdrummond70@ameblo.jp,Bowie,Drummond,08-307,Repki,5825 Harper Pass
bsyson71@goo.gl,Basilio,Syson,08-311,Bielany,3478 Norway Maple Avenue
tbarizeret72@dyndns.org,Tiffie,Barizeret,08-320,Sterdy?,07028 Tony Pass
ldewes73@google.co.uk,Lauraine,Dewes,08-322,Ceranów,767 Di Loreto Circle
bfrears74@hibu.com,Bald,Frears,08-330,Kosów Lacki,42 Redwing Street
bskentelbery75@msn.com,Bibby,Skentelbery,08-331,Sabnie,8 Mockingbird Lane
lcauston76@zimbio.com,Lee,Causton,08-400,Garwolin,55 Tony Plaza
mgummoe77@sfgate.com,Mavis,Gummoe,08-404,Górzno,07144 Michigan Avenue
btollady78@webmd.com,Billy,Tollady,08-410,Garwolin,49532 Lerdahl Avenue
boggers79@wp.com,Brade,Oggers,08-412,Borowie,5590 Gateway Crossing
jcradick7a@economist.com,Jyoti,Cradick,08-420,Miastków Ko?cielny,3 Rowland Crossing
rskule7b@ovh.net,Ralf,Skule,08-430,?elechów,79350 Iowa Pass
abirdwistle7c@slate.com,Alex,Birdwistle,08-440,Pilawa,76248 Northview Court
emussettini7d@indiegogo.com,Ermanno,Mussettini,08-441,Parysów,04 Barby Alley
gcroyser7e@ifeng.com,Garrard,Croyser,08-443,Sobienie-Jeziory,775 Vermont Center
jast7f@canalblog.com,Josh,Ast,08-445,Osieck,814 Dawn Pass
radshed7g@ucla.edu,Rahal,Adshed,08-450,?askarzew,68376 Mockingbird Circle
ijordanson7h@berkeley.edu,Ingrid,Jordanson,08-455,Trojanów,15569 Thompson Avenue
tprettyjohn7i@cbsnews.com,Timofei,Prettyjohn,08-460,Sobolew,509 Haas Junction
mjahn7j@php.net,Marta,Jahn,08-470,Wilga,42 Sunbrook Parkway
lmagnus7k@state.gov,Lorne,Magnus,08-480,Maciejowice,83 Kenwood Drive
nvanichkov7l@arstechnica.com,Nevin,Vanichkov,08-500,Ryki,7213 Almo Plaza
hkobierski7m@last.fm,Harriette,Kobierski,08-503,Nowodwór,12677 Center Park
esacaze7n@slate.com,Evy,Sacaze,08-504,U???,198 Mandrake Road
nbrammall7o@instagram.com,Nahum,Brammall,08-530,D?blin,6 South Plaza
ecawker7p@merriam-webster.com,Elvina,Cawker,08-540,St??yca,87 Orin Point
mswetmore7q@bloglovin.com,Maible,Swetmore,08-550,K?oczew,57712 Oakridge Junction
mattenborrow7r@bbc.co.uk,Moira,Attenborrow,09-100,P?o?sk,43 Grim Drive
wharhoff7s@indiegogo.com,Wilona,Harhoff,09-110,Sochocin,688 American Lane
dvitte7t@about.com,Dulsea,Vitte,09-120,Nowe Miasto,74 Redwing Pass
dronaghan7u@eepurl.com,Darsey,Ronaghan,09-130,Baboszewo,32159 International Center
syeowell7v@woothemes.com,Sheelagh,Yeowell,09-131,Joniec,76110 Nobel Alley
rdebrick7w@cmu.edu,Ragnar,Debrick,09-134,Siemi?tkowo,4 Reindahl Junction
sbohlje7x@surveymonkey.com,Shell,Bohlje,09-135,Siemi?tkowo,3 Oakridge Way
dbiss7y@homestead.com,Del,Biss,09-136,Raci??,85 Pankratz Trail
ebaudone7z@go.com,Elicia,Baudone,09-138,Raci??,076 Hoepker Parkway
jlegat80@gnu.org,Jerrie,Legat,09-140,Raci??,995 Buena Vista Crossing
aleteve81@guardian.co.uk,Aldus,Le Teve,09-141,Za?uski,2 Killdeer Park
gsukbhans82@liveinternet.ru,Gae,Sukbhans,09-142,Za?uski,3 Sutherland Center
rgarlinge83@scribd.com,Ricky,Garlinge,09-150,Czerwi?sk nad Wis??,88663 Lakeland Center
vdennitts84@washingtonpost.com,Vania,Dennitts,09-151,Czerwi?sk nad Wis??,440 Helena Point
scloughton85@senate.gov,Shirline,Cloughton,09-152,Naruszewo,0 Duke Lane
rminchin86@ftc.gov,Roanna,Minchin,09-162,Naruszewo,11 Elmside Place
atelford87@google.pl,Abigael,Telford,09-164,Dzierz??nia,36 Melvin Point
spedlar88@nps.gov,Sigismond,Pedlar,09-166,Raci??,39 Hoffman Lane
kweedon89@un.org,Kellen,Weedon,09-200,Sierpc,6994 Hayes Alley
pmassingham8a@forbes.com,Patin,Massingham,09-204,Ro?ciszewo,9 Gale Street
amcgettrick8b@vimeo.com,Allyce,McGettrick,09-209,Drobin,00137 Crownhardt Circle
rhartwright8c@nih.gov,Russell,Hartwright,09-210,Drobin,9531 Randy Point
lkarran8d@facebook.com,Laure,Karran,09-212,Sierpc,836 Bunker Hill Center
rmitchely8e@marketwatch.com,Red,Mitchely,09-213,Gozdowo,8621 Surrey Pass
lbonaire8f@so-net.ne.jp,Lishe,Bonaire,09-214,Mochowo,71740 Weeping Birch Center
rnaylor8g@yolasite.com,Ruperta,Naylor,09-216,Szczutowo,382 Starling Avenue
pboyland8h@foxnews.com,Pammy,Boyland,09-226,Zawidz,5542 Namekagon Way
tfullalove8i@netlog.com,Teodorico,Fullalove,09-227,Szczutowo,328 Kim Street
rjee8j@bandcamp.com,Roscoe,Jee,09-228,Mochowo,9 Eggendart Hill
agallimore8k@google.ru,Andonis,Gallimore,09-230,Bielsk,488 Morningstar Road
jwevell8l@google.com.au,Julienne,Wevell,09-300,?uromin,88 Gale Park
akayser8m@4shared.com,Andy,Kayser,09-303,Lubowidz,71147 Judy Junction
joppery8n@yahoo.com,Jade,Oppery,09-304,Lubowidz,1 Cottonwood Alley
phalbert8o@nifty.com,Philipa,Halbert,09-310,Kuczbork-Osada,221 Vermont Trail
mhallows8p@scientificamerican.com,Monah,Hallows,09-317,Lutocin,50784 Bluestem Alley
dtupie8q@dailymail.co.uk,Davidde,Tupie,09-320,Bie?u?,95 Del Mar Trail
horange8r@ibm.com,Heidie,Orange,09-321,Bie?u?,3 Rockefeller Place
asmeath8s@cloudflare.com,Annaliese,Smeath,09-400,P?ock,78 Arapahoe Trail
eolland8t@baidu.com,Emmerich,Olland,09-401,P?ock,4 Dahle Junction
ueivers8u@abc.net.au,Ulrikaumeko,Eivers,09-402,P?ock,227 Goodland Street
jwogan8v@diigo.com,Joel,Wogan,09-407,P?ock,7 Drewry Court
jgoldfinch8w@dailymail.co.uk,Jewell,Goldfinch,09-408,P?ock,1409 Helena Way
ssouza8x@yolasite.com,Sascha,Souza,09-409,P?ock,3705 Esch Lane
nimlock8y@fastcompany.com,Nessy,Imlock,09-410,P?ock,415 Northfield Hill
pcarthew8z@un.org,Pegeen,Carthew,09-411,Stara Bia?a,72 Rowland Terrace
amcturley90@de.vu,Abner,McTurley,09-412,Stara Bia?a,72 School Place
mmatson91@angelfire.com,Mata,Matson,09-413,Brudze? Du?y,8 2nd Parkway
ooverall92@berkeley.edu,Ortensia,Overall,09-414,Brudze? Du?y,03094 Maple Wood Parkway
hclem93@digg.com,Harriot,Clem,09-440,Staro?reby,7727 Atwood Junction
gkainz94@live.com,Guinevere,Kainz,09-442,Radzanowo,7 Corscot Pass
bcrambie95@google.it,Barrie,Crambie,09-450,Wyszogród,9 Laurel Alley
aosinin96@goo.ne.jp,Anabel,Osinin,09-451,Radzanowo,5 Truax Place
cwishkar97@rambler.ru,Cello,Wishkar,09-452,Bulkowo,50 Westport Road
dshernock98@soup.io,Dede,Shernock,09-454,Bulkowo,55 Maple Point
mkindred99@barnesandnoble.com,Millard,Kindred,09-460,Ma?a Wie?,029 Division Center
lbrazil9a@ning.com,Lavena,Brazil,09-470,Bodzanów,06 Hauk Alley
lgoldsbury9b@csmonitor.com,Lewiss,Goldsbury,09-471,Bodzanów,37543 Milwaukee Center
dseignior9c@economist.com,Dolorita,Seignior,09-472,S?upno,86 Lukken Avenue
cshapira9d@histats.com,Cloe,Shapira,09-500,Gostynin,7 Mitchell Alley
bgiottoi9e@free.fr,Beatrisa,Giottoi,09-504,Gostynin,46158 Beilfuss Street
smcconachie9f@scientificamerican.com,Sheree,McConachie,09-505,Nowy Duninów,4248 Marquette Circle
ebromont9g@usnews.com,Eartha,Bromont,09-506,Nowy Duninów,4 Northwestern Court
mbourne9h@loc.gov,Melantha,Bourne,09-520,??ck,9 Bunting Avenue
kgyurko9i@census.gov,Kalli,Gyurko,09-522,G?bin,0659 Mcguire Park
sradwell9j@pinterest.com,Suzi,Radwell,09-530,G?bin,29596 Sycamore Hill
bstegell9k@newsvine.com,Byrom,Stegell,09-533,S?ubice,8 Sutherland Way
abunson9l@wikimedia.org,Alix,Bunson,09-540,Sanniki,11 Warrior Road
dwinterton9m@yale.edu,Debby,Winterton,09-541,Pacyna,89637 Tomscot Point
pmoizer9n@list-manage.com,Penny,Moizer,09-550,Szczawin Ko?cielny,04 Carpenter Circle
jscholig9o@xrea.com,Justino,Scholig,10-001,Olsztyn,82 Dorton Lane
adaysh9p@nih.gov,Ami,Daysh,10-370,Dywity,42183 Canary Center
csill9q@google.fr,Cayla,Sill,10-371,Dywity,12 Birchwood Street
hzebedee9r@economist.com,Harper,Zebedee,10-373,Dywity,2 Lighthouse Bay Way
sfolli9s@psu.edu,Stavros,Folli,10-374,Dywity,676 Anniversary Center
mheppner9t@imageshack.us,Micky,Heppner,10-376,Barczewo,3877 Eggendart Point
swishkar9u@networkadvertising.org,Salli,Wishkar,10-381,Dywity,54 Hermina Park
lbeauly9v@photobucket.com,Lauren,Beauly,10-687,Purda,60 Schiller Street
bsmallcombe9w@posterous.com,Basilio,Smallcombe,11-001,Dywity,10497 Morrow Crossing
sclaughton9x@ebay.com,Sherline,Claughton,11-008,?wi?tki,559 Shelley Alley
kdewett9y@uol.com.br,Kylen,Dewett,11-010,Barczewo,94302 Veith Terrace
astocken9z@google.fr,Abrahan,Stocken,11-015,Olsztynek,3 Sherman Alley
ahamelyna0@ehow.com,Auberon,Hamelyn,11-030,Purda,78 Hollow Ridge Pass
moggersa1@angelfire.com,Monte,Oggers,11-034,Stawiguda,0 Duke Way
nslossa2@nydailynews.com,Noelyn,Sloss,11-036,Gietrzwa?d,99369 Village Green Park
fcawstona3@123-reg.co.uk,Francklin,Cawston,11-040,Dobre Miasto,372 Barby Court
clapthorna4@reuters.com,Carolynn,Lapthorn,11-042,Jonkowo,77141 Pawling Trail
mpenningtona5@godaddy.com,Moss,Pennington,11-100,Lidzbark Warmi?ski,9349 Hoffman Point
cleythleya6@instagram.com,Corbie,Leythley,11-106,Kiwity,36865 Badeau Drive
lodornana7@meetup.com,Lisle,O' Dornan,11-130,Orneta,94 Talisman Lane
kfraila8@exblog.jp,Kelley,Frail,11-135,Lubomino,913 Oak Valley Court
domearaa9@washingtonpost.com,Dre,O' Meara,11-200,Bartoszyce,033 West Avenue
cbatalleaa@free.fr,Corissa,Batalle,11-210,S?popol,67 Eliot Drive
ejoaoab@statcounter.com,Eugenie,Joao,11-214,Bartoszyce,655 Bonner Junction
dhimsworthac@ovh.net,Daniella,Himsworth,11-220,Górowo I?aweckie,09190 Donald Junction
wgowthropad@unblog.fr,Wilmette,Gowthrop,11-230,Bisztynek,72210 Nobel Pass
dpiolliae@w3.org,Deeyn,Piolli,11-300,Biskupiec,543 Barby Center
cgandyaf@google.de,Carmelina,Gandy,11-311,Kolno,8728 Florence Road
bpaulotag@behance.net,Baron,Paulot,11-320,Jeziorany,9 Golden Leaf Way
hbelliah@rambler.ru,Homer,Belli,11-400,K?trzyn,6904 Rowland Court
dwhitmanai@ft.com,Dwight,Whitman,11-410,Barciany,30120 South Road
nguilderaj@wsj.com,Natale,Guilder,11-420,Srokowo,9 Namekagon Place
elewsamak@comcast.net,Elwyn,Lewsam,11-430,Korsze,3 Nancy Street
bshearstoneal@digg.com,Bobbe,Shearstone,11-440,Reszel,27546 Bayside Place
bcharlickam@hugedomains.com,Bari,Charlick,11-500,Gi?ycko,5909 Melby Circle
sroderan@devhub.com,Simona,Roder,11-510,Wydminy,293 School Terrace
pellicottao@cbslocal.com,Patty,Ellicott,11-513,Mi?ki,39 Luster Way
kkeoghaneap@rediff.com,Kristen,Keoghane,11-520,Ryn,3 Westport Center
ddickieaq@behance.net,Daune,Dickie,11-600,W?gorzewo,06 Pepper Wood Crossing
acammackar@yellowpages.com,Ashley,Cammack,11-606,Budry,30750 School Alley
sdeinhardas@dedecms.com,Shepard,Deinhard,11-610,Pozezdrze,1330 Grasskamp Terrace
sshackellat@scientificamerican.com,Sarah,Shackell,11-612,Kruklanki,3 Blaine Road
gandrysiakau@opensource.org,Glenna,Andrysiak,11-700,Mr?gowo,3 Larry Drive
omourbeyav@com.com,Obadiah,Mourbey,11-710,Piecki,8 Everett Road
bdennistounaw@ebay.com,Beauregard,Dennistoun,11-730,Miko?ajki,47 Wayridge Place
tpoundax@altervista.org,Tori,Pound,11-731,Sorkwity,946 Maple Drive
btucknottay@gravatar.com,Brietta,Tucknott,12-100,Szczytno,07890 Eastlawn Avenue
ejaineaz@google.cn,Early,Jaine,12-114,Rozogi,40118 Drewry Trail
pfillgateb0@pbs.org,Paten,Fillgate,12-120,D?wierzuty,373 Cottonwood Road
pyallopb1@lycos.com,Padgett,Yallop,12-122,Jedwabno,8994 Macpherson Court
espowageb2@techcrunch.com,Emanuel,Spowage,12-130,Pasym,73 Jay Point
theedb3@altervista.org,Tarra,Heed,12-140,?wi?tajno,2 Starling Circle
dsiehardb4@elpais.com,Dierdre,Siehard,12-150,?wi?tajno,65921 Shasta Circle
dgittusb5@narod.ru,Dione,Gittus,12-160,Wielbark,12 Oneill Terrace
gsnowmanb6@printfriendly.com,Gates,Snowman,12-200,Pisz,8 Badeau Crossing
esisleyb7@ezinearticles.com,Ernesta,Sisley,12-220,Ruciane-Nida,97148 Cascade Court
hbolzenb8@fastcompany.com,Hilde,Bolzen,12-230,Bia?a Piska,12 Helena Crossing
bmingetb9@opensource.org,Brina,Minget,12-250,Orzysz,56 Nobel Center
dattyba@vinaora.com,Darrel,Atty,13-100,Nidzica,43 Beilfuss Hill
jseggesbb@cargocollective.com,Jaquenetta,Segges,13-111,Janowiec Ko?cielny,3726 Westridge Court
bdurransbc@parallels.com,Burnard,Durrans,13-113,Janowo,4 Anthes Drive
tpopeleybd@boston.com,Taylor,Popeley,13-124,Koz?owo,318 Paget Avenue
mguillebe@google.cn,Mil,Guille,13-200,Dzia?dowo,00 Cherokee Way
bsentbf@google.ru,Benedikt,Sent,13-203,Lidzbark,005 Lunder Road
kburkinbg@bandcamp.com,Kiah,Burkin,13-206,P?o?nica,2903 Trailsway Way
timlochbh@loc.gov,Thorpe,Imloch,13-220,Rybno,0501 Melrose Terrace
bcapellbi@4shared.com,Brandise,Capell,13-230,Lidzbark,851 Hooker Avenue
aarchiboldbj@nytimes.com,Alejoa,Archibold,13-240,I?owo-Osada,2 American Ash Court
fsewleybk@people.com.cn,Francoise,Sewley,13-300,Nowe Miasto Lubawskie,38 Heffernan Court
pfrailbl@gravatar.com,Pansie,Frail,13-304,Nowe Miasto Lubawskie,06 Oak Valley Pass
wduetschensbm@miibeian.gov.cn,Wade,Duetschens,13-306,Kurz?tnik,3408 Independence Drive
dhiddsleybn@netscape.com,Dyane,Hiddsley,13-324,Grodziczno,47 Hooker Center
tjoretbo@go.com,Teriann,Joret,13-330,Biskupiec,3 Carpenter Way
derrolbp@cloudflare.com,Dimitri,Errol,13-332,Nowe Miasto Lubawskie,09314 David Junction
talldredbq@cmu.edu,Tiler,Alldred,13-334,Biskupiec,581 Elmside Hill
jshermanbr@google.ru,Josepha,Sherman,13-340,Biskupiec,791 Eastlawn Drive
frivalantbs@acquirethisname.com,Freeman,Rivalant,14-100,Ostróda,07111 Prairieview Park
bbibbybt@51.la,Buck,Bibby,14-105,?ukta,21293 Ronald Regan Parkway
jgorvettebu@github.com,Jud,Gorvette,14-106,Ostróda,99957 Armistice Lane
zhawketbv@histats.com,Zak,Hawket,14-107,Grunwald,6 Sherman Avenue
rmacvainbw@weebly.com,Rozelle,Macvain,14-120,D?brówno,901 Union Road
eedelbx@friendfeed.com,Emery,Edel,14-133,Ostróda,00310 Sundown Hill
kstormouthby@google.ru,Kally,Stormouth,14-140,Mi?om?yn,473 Sullivan Drive
crainfordbz@stumbleupon.com,Clyve,Rainford,14-200,I?awa,2587 Jay Circle
esimcoec0@go.com,Eddy,Simcoe,14-202,I?awa,497 Village Hill
gpendrec1@cafepress.com,Gertrude,Pendre,14-204,I?awa,333 Eagle Crest Court
wmarcroftc2@omniture.com,Wandie,Marcroft,14-220,Kisielice,8 Crescent Oaks Trail
kenrdigoc3@epa.gov,Kori,Enrdigo,14-229,Lubawa,27677 Bartillon Lane
wrunacresc4@kickstarter.com,Will,Runacres,14-230,Zalewo,1 Ramsey Drive
djanksc5@ycombinator.com,Dimitri,Janks,14-240,Susz,587 Farragut Center
dlawc6@mlb.com,Diarmid,Law,14-241,I?awa,5 Petterle Drive
tpetracekc7@ustream.tv,Tasia,Petracek,14-260,Lubawa,9 Kinsman Drive
mpenrittc8@behance.net,Marwin,Penritt,14-300,Mor?g,80818 Rieder Junction
aropkinsc9@ask.com,Archer,Ropkins,14-310,Mi?akowo,060 Badeau Junction
ibachshellca@oakley.com,Ive,Bachshell,14-330,Ma?dyty,59 Lighthouse Bay Road
cpimmecb@apache.org,Claire,Pimme,14-400,Pas??k,83734 Oxford Hill
bmcskeagancc@uol.com.br,Brita,McSkeagan,14-405,Wilcz?ta,643 Sloan Drive
evausecd@kickstarter.com,Engracia,Vause,14-407,Godkowo,6 Pankratz Junction
jdeniskece@java.com,Jourdain,Deniske,14-411,Rychliki,18368 Caliangt Drive
lmcandrewcf@virginia.edu,Lorianna,McAndrew,14-420,M?ynary,76 Trailsway Plaza
rzanetellocg@hao123.com,Rufus,Zanetello,14-500,Braniewo,2 Macpherson Road
cfranssenich@shinystat.com,Cart,Fransseni,14-520,Pieni??no,4 Magdeline Road
fyouthedci@gnu.org,Fiorenze,Youthed,14-521,Lelkowo,184 Mesta Court
dgarbuttcj@ustream.tv,Darin,Garbutt,14-526,P?oskinia,0 Holmberg Park
rmildnerck@storify.com,Robbi,Mildner,14-530,Frombork,22 Karstens Plaza
mantonichcl@nps.gov,Melvin,Antonich,15-001,Bia?ystok,69 Delladonna Plaza
brosetcm@hostgator.com,Bartolemo,Roset,15-378,Juchnowiec Ko?cielny,28 Vera Court
qbrafertoncn@google.co.uk,Quinn,Braferton,15-509,Supra?l,7 Twin Pines Pass
dmcmickanco@indiegogo.com,Dolley,McMickan,15-511,Supra?l,6790 Forster Trail
egeldartcp@joomla.org,Erminia,Geldart,15-523,Supra?l,1953 Lawn Park
eingecq@howstuffworks.com,Eyde,Inge,15-528,Supra?l,30 Kinsman Trail
vkoubekcr@nsw.gov.au,Vivien,Koubek,15-592,Zab?udów,804 Transport Hill
acryercs@ebay.com,Ashil,Cryer,15-593,Zab?udów,4208 Old Gate Lane
oarmsbyct@fc2.com,Oriana,Armsby,15-603,Juchnowiec Ko?cielny,1996 Ilene Street
bmagorcu@eventbrite.com,Bryn,Magor,15-604,Juchnowiec Ko?cielny,982 Everett Hill
dcecerecv@slate.com,Dorie,Cecere,15-605,Juchnowiec Ko?cielny,930 Sunbrook Lane
wgerataschcw@cpanel.net,Windy,Geratasch,15-606,Zab?udów,7469 Florence Lane
gstarkingcx@joomla.org,Gwynne,Starking,15-608,Zab?udów,09 Anzinger Avenue
tflatmancy@about.com,Tildie,Flatman,15-616,Choroszcz,00 Pennsylvania Park
blantcz@goodreads.com,Barth,Lant,15-623,Choroszcz,7816 Brown Park
shaslochd0@comcast.net,Silvia,Hasloch,15-635,Choroszcz,91300 La Follette Junction
tperfittd1@goo.ne.jp,Tome,Perfitt,15-694,Dobrzyniewo Du?e,3173 Jackson Lane
rscurfieldd2@blogs.com,Ronnie,Scurfield,16-001,Juchnowiec Ko?cielny,76693 Comanche Lane
kaglioned3@gnu.org,Kristy,Aglione,16-002,Dobrzyniewo Du?e,17060 Cordelia Center
slangand4@mac.com,Shaughn,Langan,16-005,Juchnowiec Ko?cielny,57 Rockefeller Avenue
wedgecumbed5@liveinternet.ru,Willie,Edgecumbe,16-010,Wasilków,202 Northport Trail
jcatonned6@icq.com,Jinny,Catonne,16-020,Czarna Bia?ostocka,49 Forest Run Junction
hedowesd7@alexa.com,Heath,Edowes,16-030,Supra?l,4134 Texas Circle
aanstyd8@sakura.ne.jp,Arnuad,Ansty,16-040,Gródek,88 Anhalt Court
ohutchasond9@furl.net,Odell,Hutchason,16-050,Micha?owo,429 Morrow Place
vkairnsda@spiegel.de,Velvet,Kairns,16-060,Zab?udów,37 Scoville Point
avasilischevdb@boston.com,Albie,Vasilischev,16-061,Juchnowiec Ko?cielny,64 Forster Center
qstoneleydc@google.es,Quillan,Stoneley,16-070,Choroszcz,3 East Street
jtowarddd@cisco.com,Jolynn,Toward,16-075,Zawady,5 Lawn Hill
dorrellde@mozilla.org,Delainey,Orrell,16-080,Tykocin,2 Michigan Hill
adunndf@storify.com,Alia,Dunn,16-100,Sokó?ka,1017 Summit Road
abodkerdg@meetup.com,Aaron,Bodker,16-113,Szudzia?owo,22647 Tennessee Street
kvaendh@people.com.cn,Killy,Vaen,16-120,Krynki,151 Monument Hill
vriattdi@hostgator.com,Valentin,Riatt,16-123,Ku?nica,91912 Carberry Terrace
mandrellidj@meetup.com,Mellisa,Andrelli,16-124,Sidra,6 Knutson Court
odonandk@epa.gov,Olwen,Donan,16-130,Janów,8 Graedel Road
aleverentzdl@blogs.com,Arlinda,Leverentz,16-140,Korycin,32022 Shelley Drive
cdoggerelldm@mapquest.com,Charley,Doggerell,16-150,Suchowola,237 Hermina Road
nmiddleditchdn@wiley.com,Nonnah,Middleditch,16-200,D?browa Bia?ostocka,46018 Warbler Drive
cfookesdo@vinaora.com,Cecilius,Fookes,16-205,Nowy Dwór,3 Hoepker Hill
hmatuladp@istockphoto.com,Hadria,Matula,16-300,Augustów,91991 Thackeray Terrace
eferdq@salon.com,Elnar,Fer,16-304,Nowinka,68 Dixon Avenue
kclaricoatesdr@scientificamerican.com,Kala,Claricoates,16-310,Sztabin,86575 Helena Center
mstormontds@shutterfly.com,Melvyn,Stormont,16-315,Lipsk,21243 Jackson Park
jablottdt@weebly.com,Jacinta,Ablott,16-316,Lipsk,42567 Mcguire Point
hstarsmoredu@icq.com,Hestia,Starsmore,16-320,Barg?ów Ko?cielny,80 Lawn Way
rdarrigodv@state.gov,Ruthie,D'Arrigo,16-326,P?aska,68735 Pierstorff Lane
tsimonettidw@freewebs.com,Torie,Simonetti,16-402,Suwa?ki,24355 Oak Pass
pmattinglydx@imdb.com,Percival,Mattingly,16-404,Jeleniewo,0 Algoma Park
aprinnettdy@dailymotion.com,Anatola,Prinnett,16-405,Wi?ajny,7614 Dahle Place
lcastellandz@marketwatch.com,Lanny,Castellan,16-406,Rutka-Tartak,9935 Stoughton Way
epedlere0@google.it,Esma,Pedler,16-407,Wi?ajny,1 Clove Plaza
shorsfielde1@dot.gov,Sargent,Horsfield,16-411,Szypliszki,8 5th Park
rskonese2@creativecommons.org,Rodolfo,Skones,16-412,Suwa?ki,89 Linden Avenue
avearte3@weebly.com,Andi,Veart,16-413,Suwa?ki,5675 Paget Place
gskipe4@google.com.hk,Gavrielle,Skip,16-420,Raczki,17 Riverside Hill
aabramowe5@phoca.cz,Adrienne,Abramow,16-423,Baka?arzewo,54 Lakewood Plaza
cliddalle6@mit.edu,Clementia,Liddall,16-424,Filipów,3462 Merchant Road
calsinae7@studiopress.com,Chancey,Alsina,16-427,Przero?l,656 Arizona Terrace
dleatte8@ning.com,Doy,Leatt,16-500,Sejny,272 Jackson Junction
spoldene9@kickstarter.com,Sauncho,Polden,16-503,Krasnopol,13003 Killdeer Road
snewellea@technorati.com,Shaina,Newell,16-506,Giby,99 Surrey Center
jbeckinsalleb@springer.com,Josepha,Beckinsall,16-515,Pu?sk,71614 Glendale Crossing
aheinsiusec@php.net,Amber,Heinsius,17-100,Bielsk Podlaski,13 Prentice Avenue
skesbyed@thetimes.co.uk,Stacy,Kesby,17-106,Orla,5 Goodland Pass
btemplemanee@histats.com,Bess,Templeman,17-111,Bo?ki,3 Londonderry Way
gkliemchenef@t.co,Grissel,Kliemchen,17-120,Bra?sk,4649 Old Shore Terrace
bmarretteg@earthlink.net,Brynna,Marrett,17-123,Rudka,0985 Glendale Lane
aandreeh@nhs.uk,Arluene,Andre,17-132,Wyszki,34246 Elka Alley
pdanilchikei@soup.io,Pauline,Danilchik,17-200,Hajnówka,45 Farwell Trail
bpesicej@cafepress.com,Bobette,Pesic,17-204,Dubicze Cerkiewne,53841 Hoepker Drive
abelchemek@exblog.jp,Adair,Belchem,17-207,Czy?e,733 Bashford Alley
twantel@tripadvisor.com,Timothy,Want,17-210,Narew,387 Paget Terrace
kfreibergem@free.fr,Kyle,Freiberg,17-220,Narewka,5 Crownhardt Alley
dbirdfielden@abc.net.au,Dahlia,Birdfield,17-230,Bia?owie?a,746 Calypso Center
tthorlbyeo@nba.com,Taber,Thorlby,17-240,Czeremcha,62708 Kedzie Lane
mkemstonep@deliciousdays.com,Mordecai,Kemston,17-250,Kleszczele,4161 Old Shore Court
wbraunleeq@nydailynews.com,Wait,Braunle,17-300,Siemiatycze,0375 Clyde Gallagher Center
dmaplesdener@discovery.com,Dean,Maplesden,17-306,Dziadkowice,7 Debs Avenue
msammutes@ihg.com,Merci,Sammut,17-307,Mielnik,0 Schmedeman Court
apepperet@wufoo.com,Adel,Pepper,17-312,Drohiczyn,53 Fallview Trail
dstoltzeu@alexa.com,Dimitri,Stoltz,17-315,Grodzisk,57316 Dottie Circle
gsonscheinev@hostgator.com,Guido,Sonschein,17-322,Perlejewo,00 Briar Crest Junction
bjosephovew@foxnews.com,Bryanty,Josephov,17-330,Nurzec-Stacja,7 Meadow Ridge Court
zhugonnetex@google.ca,Zebadiah,Hugonnet,17-332,Milejczyce,04 Pond Drive
ggaskilley@com.com,Gibbie,Gaskill,18-100,?apy,74 Nelson Road
rtweedeez@symantec.com,Rosalinda,Tweede,18-105,Sura?,0 Hauk Hill
bblaskettf0@youtu.be,Birgit,Blaskett,18-106,Turo?? Ko?cielna,51 Longview Plaza
dbimf1@jimdo.com,Doe,Bim,18-112,Po?wi?tne,6109 Myrtle Alley
bgromleyf2@slate.com,Beatrisa,Gromley,18-200,Wysokie Mazowieckie,028 Main Trail
mgillfordf3@blogger.com,Melvin,Gillford,18-204,Kobylin-Borzymy,9273 Graceland Crossing
oleathamf4@baidu.com,Osbourne,Leatham,18-208,Kulesze Ko?cielne,8 Northfield Road
kmooganf5@army.mil,Kerby,Moogan,18-210,Szepietowo,65 Calypso Park
apowleslandf6@archive.org,Addy,Powlesland,18-212,Nowe Piekuty,9 Memorial Pass
jbanfieldf7@wisc.edu,Jeanelle,Banfield,18-214,Klukowo,6741 Morning Terrace
cwastallf8@scribd.com,Cynthie,Wastall,18-218,Soko?y,886 Moland Way
sristf9@so-net.ne.jp,Salli,Rist,18-220,Czy?ew,77 Menomonie Way
rgillibrandfa@apache.org,Raeann,Gillibrand,18-230,Ciechanowiec,21595 Weeping Birch Street
ofassmannfb@tinypic.com,Olenolin,Fassmann,18-300,Zambrów,8 Lindbergh Hill
nspawtonfc@house.gov,Neel,Spawton,18-305,Szumowo,02024 Buena Vista Place
hcreiganfd@mapquest.com,Hersh,Creigan,18-312,Rutki,0 Veith Circle
tsherebrookefe@php.net,Theadora,Sherebrooke,18-315,Ko?aki Ko?cielne,82160 Boyd Center
drewff@phoca.cz,Davida,Rew,18-400,?om?a,07982 Monterey Point
awegenerfg@imgur.com,Alessandra,Wegener,18-411,?niadowo,38 Schiller Place
ncastledinefh@wiley.com,Nannette,Castledine,18-413,Miastkowo,46499 Hayes Lane
egodinfi@boston.com,Ephrem,Godin,18-414,Nowogród,2 Summerview Circle
xbeavingtonfj@marketwatch.com,Xena,Beavington,18-416,Zbójna,414 Reindahl Avenue
dheppenspallfk@salon.com,Demetris,Heppenspall,18-420,Jedwabne,70 Hudson Park
ipalatinofl@telegraph.co.uk,Isacco,Palatino,18-421,Pi?tnica,70020 Schmedeman Street
mmarringtonfm@infoseek.co.jp,Matteo,Marrington,18-423,Przytu?y,34733 2nd Plaza
grownfn@twitpic.com,Garwood,Rown,18-430,Wizna,68769 Kingsford Place
droylancefo@marriott.com,Dionis,Roylance,18-500,Kolno,54 Kings Plaza
hshrubsallfp@xrea.com,Helga,Shrubsall,18-507,Grabowo,53 Chinook Center
kroccofq@rakuten.co.jp,Kerri,Rocco,18-516,Ma?y P?ock,918 Eastwood Center
ekeunefr@ow.ly,Elizabet,Keune,18-520,Stawiski,8155 Monterey Drive
lpechanfs@lulu.com,Lou,Pechan,18-525,Turo?l,50907 Hagan Lane
pfellowsft@ft.com,Patrick,Fellows,19-100,Mo?ki,7775 East Crossing
scrosettifu@hp.com,Sylvia,Crosetti,19-104,Jasionówka,8 Miller Trail
dheadleyfv@feedburner.com,Daryl,Headley,19-110,Goni?dz,548 Stang Terrace
clefebrefw@liveinternet.ru,Caro,Le febre,19-111,Krypno,1 Stuart Hill
kbrecknellfx@odnoklassniki.ru,Kory,Brecknell,19-120,Knyszyn,94 Chive Circle
ebramblefy@patch.com,Erl,Bramble,19-122,Trzcianne,24 Fallview Trail
ufassonfz@usgs.gov,Udall,Fasson,19-124,Ja?wi?y,19441 Holy Cross Point
dweing0@netlog.com,Davy,Wein,19-200,Grajewo,22 Eagan Way
rmccrackeng1@wikispaces.com,Rubie,McCracken,19-206,Rajgród,8237 Superior Way
dfrischg2@netscape.com,Denny,Frisch,19-213,Radzi?ów,404 Moulton Court
rdriesg3@people.com.cn,Ramonda,Dries,19-222,W?sosz,44049 Anzinger Street
dsignoreg4@baidu.com,Dennie,Signore,19-230,Szczuczyn,3199 Spohn Street
kburrettg5@w3.org,Kassi,Burrett,19-300,E?k,40753 Cambridge Parkway
arawoodg6@ucsd.edu,Aharon,Rawood,19-301,E?k,5 Brentwood Avenue
dgallimoreg7@yolasite.com,Devina,Gallimore,19-311,E?k,63176 Vahlen Circle
fgreeneg8@illinois.edu,Frederigo,Greene,19-313,Kalinowo,91 Blackbird Point
nspaduzzag9@tmall.com,Nesta,Spaduzza,19-314,Kalinowo,684 Maple Wood Alley
hfuentezga@fema.gov,Hyatt,Fuentez,19-321,E?k,572 Tennessee Center
msammonsgb@hc360.com,Mignon,Sammons,19-324,Stare Juchy,4 Ruskin Avenue
jrockallgc@google.it,Jannelle,Rockall,19-325,E?k,466 Red Cloud Terrace
rjolingd@icio.us,Robenia,Jolin,19-326,Prostki,223 Farmco Road
jnortunenge@cnn.com,Jeddy,Nortunen,19-330,Stare Juchy,2 Moland Trail
nbladdergf@devhub.com,Nicole,Bladder,19-335,Prostki,238 Sloan Terrace
hcoultergg@economist.com,Hill,Coulter,19-400,Olecko,46 Crowley Way
sgoldengh@arstechnica.com,Sol,Golden,19-404,Wieliczki,2830 Shelley Crossing
pdreschegi@scientificamerican.com,Pavlov,Dresche,19-411,?wi?tajno,335 Rieder Park
smilliongj@vk.com,Sydel,Million,19-420,Kowale Oleckie,66 Knutson Road
bmcvicargk@globo.com,Brande,McVicar,19-500,Go?dap,0731 Shasta Parkway
jroslinggl@geocities.jp,Jarrod,Rosling,19-504,Dubeninki,7 Aberg Terrace
sramsbothamgm@twitpic.com,Si,Ramsbotham,19-506,Go?dap,78 Boyd Court
kgobourngn@prlog.org,Kaycee,Gobourn,19-507,Go?dap,93 Cottonwood Terrace
rlathayego@uiuc.edu,Rochell,Lathaye,19-520,Banie Mazurskie,961 Stang Way
amckeowongp@noaa.gov,Annemarie,McKeowon,20-001,Lublin,1 Montana Place
upirazzigq@de.vu,Ulberto,Pirazzi,20-258,Wólka,61542 Sunnyside Crossing
thutchesongr@cyberchimps.com,Thorstein,Hutcheson,20-388,G?usk,6 Grim Circle
tbarwoodgs@symantec.com,Teirtza,Barwood,20-515,Konopnica,18 3rd Road
vhouricangt@simplemachines.org,Vivi,Hourican,20-823,Jastków,74 Sachs Crossing
tpletgu@sohu.com,Terrel,Plet,21-002,Jastków,4 Helena Alley
dcallcottgv@imdb.com,Dewey,Callcott,21-003,Niemce,40 Ridgeview Pass
wbrockwaygw@bandcamp.com,Westbrook,Brockway,21-007,Me?giew,5311 Sycamore Parkway
lbrawleygx@vimeo.com,Lannie,Brawley,21-008,Jastków,510 Sundown Road
twynessgy@1688.com,Trumaine,Wyness,21-010,??czna,64611 Barby Place
wpashbeegz@spotify.com,Wood,Pashbee,21-013,Puchaczów,95 Boyd Alley
ebrienth0@mit.edu,Eal,Brient,21-020,Milejów,027 South Street
kromneyh1@usa.gov,Killian,Romney,21-025,Niemce,2 Graedel Circle
nthomassinh2@github.com,Nichole,Thomassin,21-030,Konopnica,00 Melby Center
kgetcliffh3@issuu.com,Karola,Getcliff,21-040,Me?giew,122 Nelson Pass
bperkinh4@google.nl,Brigit,Perkin,21-044,Trawniki,8491 John Wall Circle
chammanh5@chronoengine.com,Candra,Hamman,21-050,Piaski,92 Mandrake Avenue
cmalkinsonh6@i2i.jp,Celinka,Malkinson,21-060,Fajs?awice,175 Gina Center
mnickolsh7@youtu.be,Moyra,Nickols,21-065,Rybczewice,91779 Tomscot Avenue
nsweatmanh8@sogou.com,Nevin,Sweatman,21-070,Cyców,93790 6th Crossing
saldamh9@tripod.com,Sheri,Aldam,21-075,Ludwin,27 Division Way
smccueha@a8.net,Stern,McCue,21-077,Spiczyn,56409 Sutherland Circle
alyddiardhb@bizjournals.com,Aleda,Lyddiard,21-080,Garbów,38 New Castle Court
hserchwellhc@miibeian.gov.cn,Harwilll,Serchwell,21-100,Lubartów,2 Kings Circle
swhalhd@apple.com,Sloane,Whal,21-102,Ostrówek,40 Mosinee Place
henstenhe@go.com,Haily,Ensten,21-104,Nied?wiada,8704 Talmadge Terrace
edalyellhf@netvibes.com,Estrellita,Dalyell,21-107,Serniki,9 Sycamore Way
scattemullhg@home.pl,Sherline,Cattemull,21-109,U?cimów,3132 Scoville Hill
ypettigrewhh@virginia.edu,Ynes,Pettigrew,21-110,Ostrów Lubelski,61137 American Ash Drive
shamnerhi@furl.net,Stavro,Hamner,21-132,Kamionka,6 Daystar Trail
hsmailshj@ca.gov,Heall,Smails,21-136,Firlej,1 Main Road
lshillingtonhk@guardian.co.uk,Liza,Shillington,21-140,Michów,7895 Weeping Birch Point
mlaurischhl@wikipedia.org,Margarette,Laurisch,21-143,Abramów,930 Prentice Parkway
nperehm@friendfeed.com,Neely,Pere,21-146,Jeziorzany,04 Melvin Road
ugabbathn@tuttocitta.it,Uta,Gabbat,21-150,Kock,76 Nova Circle
gdeverho@cocolog-nifty.com,Glen,Dever,21-200,Parczew,9 Texas Junction
tbriscamhp@ustream.tv,Theodoric,Briscam,21-205,Jab?o?,2395 Crescent Oaks Court
sterbruggehq@w3.org,Stace,Terbrugge,21-210,Milanów,9230 Farmco Avenue
nswynhr@ehow.com,Normy,Swyn,21-211,D?bowa K?oda,90224 Bellgrove Way
bolandhs@home.pl,Beverly,Oland,21-220,Siemie?,6 Moose Place
lghirardiht@youtu.be,Liza,Ghirardi,21-222,Podedwórze,127 Crescent Oaks Circle
aleithhu@oracle.com,Anneliese,Leith,21-230,Sosnowica,2 Clyde Gallagher Place
nalanbrookehv@blog.com,Nesta,Alanbrooke,21-300,Radzy? Podlaski,0986 Kensington Way
rkubasiewiczhw@sina.com.cn,Royal,Kubasiewicz,21-302,K?kolewnica,1777 Sauthoff Drive
nguppeyhx@digg.com,Nonah,Guppey,21-305,Wohy?,12 Carioca Terrace
sdeningtonhy@t.co,Sylvester,Denington,21-306,Czemierniki,15 Eggendart Pass
jfarrynhz@usda.gov,Juliette,Farryn,21-307,Ulan-Majorat,96 Coolidge Lane
ddusti0@jalbum.net,Dominick,Dust,21-310,Wohy?,9 Moose Circle
tmackessocki1@artisteer.com,Terrence,MacKessock,21-311,Komarówka Podlaska,36125 Buena Vista Circle
ccusti2@photobucket.com,Cosette,Cust,21-345,Borki,5425 Mosinee Point
ldohmsi3@wp.com,Lib,Dohms,21-400,?uków,59 Sommers Lane
rdobyi4@un.org,Rosette,Doby,21-404,Trzebieszów,940 Hanson Parkway
cgillivriei5@rakuten.co.jp,Charles,Gillivrie,21-411,Wojcieszków,7 Sherman Crossing
pkirimaai6@goo.gl,Pru,Kirimaa,21-412,Adamów,97759 Dakota Park
sfideleri7@elpais.com,Sidoney,Fideler,21-413,Serokomla,63721 Miller Way
fdanseyi8@acquirethisname.com,Fax,Dansey,21-421,Stanin,16 Lerdahl Court
stethacoti9@upenn.edu,Shane,Tethacot,21-422,Stanin,3753 Loomis Parkway
tduchasteauia@gizmodo.com,Theodor,Duchasteau,21-426,Wola Mys?owska,7 Pawling Lane
hconstanceib@amazon.de,Hedwiga,Constance,21-450,Stoczek ?ukowski,1917 High Crossing Hill
mdelmonteic@ibm.com,Marilyn,Del Monte,21-470,Krzywda,2 Dahle Circle
fsielyid@webeden.co.uk,Frances,Siely,21-480,Krzywda,183 Commercial Center
jllewellenie@imageshack.us,Janene,Llewellen,21-500,Bia?a Podlaska,06345 Evergreen Center
sgeekieif@tinypic.com,Silvan,Geekie,21-504,Rokitno,4439 Bartillon Trail
tbagniukig@wunderground.com,Trever,Bagniuk,21-505,Janów Podlaski,241 Russell Junction
fbecceraih@hao123.com,Franklyn,Beccera,21-509,Kode?,50051 Schurz Junction
hgelletlyii@wsj.com,Huberto,Gelletly,21-512,Zalesie,48 Meadow Valley Park
mskitralij@sbwire.com,Mariann,Skitral,21-515,S?awatycze,3 Kinsman Hill
gdaunterik@dropbox.com,Gaelan,Daunter,21-518,Sosnówka,58 Melvin Point
rginnallyil@amazon.de,Rockwell,Ginnally,21-523,Tuczna,0090 Linden Alley
sschimankim@epa.gov,Staford,Schimank,21-526,S?awatycze,6129 Bowman Circle
kghidiniin@irs.gov,Kara-lynn,Ghidini,21-530,Piszczac,204 Longview Hill
uleathamio@nba.com,Ursala,Leatham,21-532,?omazy,7 American Ash Avenue
sparkynip@marriott.com,Sheff,Parkyn,21-533,Rossosz,8011 Bluejay Park
wpepiiq@noaa.gov,Waneta,Pepi,21-536,Bia?a Podlaska,6 Iowa Pass
apozerir@icio.us,Alan,Pozer,21-540,Terespol,5 Elmside Parkway
speadis@tiny.cc,Saunder,Pead,21-542,Le?na Podlaska,0069 Beilfuss Road
cphareit@admin.ch,Caitrin,Phare,21-543,Konstantynów,1215 Hooker Avenue
jseifiu@seattletimes.com,Joela,Seif,21-550,Terespol,04027 Hanson Drive
alanchesteriv@rambler.ru,Ansley,Lanchester,21-560,Mi?dzyrzec Podlaski,06 Lillian Way
kbarstowiw@imgur.com,Kassia,Barstow,21-564,Mi?dzyrzec Podlaski,51 Ridgeview Way
tskakunasix@clickbank.net,Talya,Skakunas,21-570,Drelów,8449 Kingsford Crossing
tlurcockiy@netlog.com,Tam,Lurcock,21-580,Wisznice,6567 Lakeland Center
tbedberryiz@reverbnation.com,Tammie,Bedberry,22-100,Che?m,5347 Sunbrook Plaza
jtinemanj0@mayoclinic.com,Joceline,Tineman,22-105,Che?m,8 Rockefeller Court
caleshintsevj1@hp.com,Cesar,Aleshintsev,22-106,Sawin,69 Florence Way
aedlynej2@technorati.com,Alex,Edlyne,22-107,Sawin,16132 Coleman Point
tglentonj3@issuu.com,Tresa,Glenton,22-110,Ruda-Huta,898 Haas Point
tmarrej4@google.com.au,Timothea,Marre,22-113,Kamie?,1488 Kennedy Terrace
lstollenbergj5@reuters.com,Louisette,Stollenberg,22-114,?mud?,6337 Acker Lane
ddesousaj6@diigo.com,Darrell,DeSousa,22-120,Wojs?awice,89 Southridge Circle
bmylchreestj7@linkedin.com,Bailey,Mylchreest,22-121,Che?m,345 Lyons Point
kalenovj8@zdnet.com,Kaila,Alenov,22-122,Le?niowice,2398 Golf Place
fbouldstridgej9@elpais.com,Fredek,Bouldstridge,22-130,Siedliszcze,8 Garrison Pass
hmclagganja@mapquest.com,Hal,McLaggan,22-133,Siedliszcze,1293 Sugar Place
omcclementsjb@alexa.com,Obidiah,McClements,22-135,Bia?opole,070 Springview Crossing
wguisojc@lycos.com,Wadsworth,Guiso,22-145,Dubienka,196 Southridge Circle
jcastillejd@google.cn,Jazmin,Castille,22-150,Wierzbica,28512 Cottonwood Park
trosielloje@sfgate.com,Trixy,Rosiello,22-151,Che?m,9 Charing Cross Park
wstyantjf@tuttocitta.it,Werner,Styant,22-170,Rejowiec Fabryczny,022 Ilene Junction
cfetteplacejg@seattletimes.com,Cirillo,Fetteplace,22-171,Rejowiec Fabryczny,58 Truax Junction
asarchjh@photobucket.com,Adrianne,Sarch,22-172,Rejowiec Fabryczny,7635 Scoville Street
dfearneyji@alibaba.com,Danyette,Fearney,22-174,Dorohusk,937 Hagan Terrace
cmorforthjj@quantcast.com,Constantina,Morforth,22-175,Dorohusk,40 Sherman Plaza
qebunoluwajk@discuz.net,Quent,Ebunoluwa,22-200,W?odawa,097 Eggendart Circle
ldominguesjl@guardian.co.uk,Lusa,Domingues,22-205,Wyryki,05734 Namekagon Circle
bgraeserjm@biblegateway.com,Belvia,Graeser,22-206,Wyryki,3 Maywood Crossing
lbrahamsjn@cyberchimps.com,Lyda,Brahams,22-207,W?odawa,0169 Corry Avenue
aclimerjo@cmu.edu,Almeda,Climer,22-211,W?odawa,64246 Forest Hill
ddanilchevjp@fc2.com,Dell,Danilchev,22-220,Hanna,74050 Gulseth Crossing
cpennielljq@altervista.org,Creigh,Penniell,22-230,Wola Uhruska,8241 Brown Pass
aproctorjr@acquirethisname.com,Aaron,Proctor,22-234,Urszulin,9501 Mccormick Avenue
mbarringerjs@diigo.com,Melisse,Barringer,22-235,Ha?sk,319 1st Center
hnazarethjt@discuz.net,Hart,Nazareth,22-244,Stary Brus,3 Carpenter Parkway
cmacgebenayju@bbb.org,Catherine,MacGebenay,22-300,Krasnystaw,8965 Petterle Avenue
mposenjv@yellowbook.com,Mei,Posen,22-302,Krasnystaw,93031 Pierstorff Circle
cwoloschinjw@dmoz.org,Chrissy,Woloschin,22-304,Siennica Ró?ana,26 Starling Alley
enisejx@msn.com,Eula,Nise,22-310,Kra?niczyn,45620 1st Point
jluxfordjy@ucoz.com,Joscelin,Luxford,22-315,Gorzków,36 Pawling Place
sackhurstjz@guardian.co.uk,Sherye,Ackhurst,22-330,Rudnik,846 Forster Plaza
icarlemank0@admin.ch,Ingeberg,Carleman,22-335,?ó?kiewka,63 Porter Parkway
bparkeyk1@marketwatch.com,Baxie,Parkey,22-351,?opiennik Górny,012 Hintze Center
ecoomesk2@scientificamerican.com,Erhard,Coomes,22-360,Rejowiec,75 Tony Drive
roswickk3@mayoclinic.com,Remy,Oswick,22-363,Rejowiec,9002 Manufacturers Alley
msheak4@hc360.com,Matelda,Shea,22-375,Izbica,80 Beilfuss Road
lstapelek5@domainmarket.com,Libbey,Stapele,22-376,Izbica,4 Hermina Lane
eszabok6@noaa.gov,Eberhard,Szabo,22-400,Zamo??,8 Jenna Drive
cthornberk7@instagram.com,Cynthie,Thornber,22-413,Nielisz,0281 Debra Plaza
mcamockek8@nationalgeographic.com,Merill,Camocke,22-417,Stary Zamo??,3 Dwight Terrace
sdionsettik9@nbcnews.com,Sapphire,Dionsetti,22-420,Skierbieszów,3313 Surrey Trail
tstrowgerka@amazon.com,Tricia,Strowger,22-424,Sitno,9 Schiller Avenue
isansunkb@live.com,Issiah,Sansun,22-425,Grabowiec,88889 Bowman Alley
bharsumkc@xing.com,Bamby,Harsum,22-435,Komarów-Osada,10087 Hayes Lane
jkinkerkd@unicef.org,Julius,Kinker,22-437,?abunie,8079 Prairie Rose Plaza
cstopperke@feedburner.com,Cirillo,Stopper,22-440,Krasnobród,69239 7th Point
kduckwithkf@163.com,Kiersten,Duckwith,22-442,Adamów,47991 Kensington Crossing
cdrezzerkg@yellowbook.com,Cristobal,Drezzer,22-448,Su?ów,0293 Shoshone Pass
epenrithkh@yelp.com,Edin,Penrith,22-455,Mi?czyn,12 Redwing Junction
hbaumeki@huffingtonpost.com,Hatti,Baume,22-460,Szczebrzeszyn,409 Swallow Trail
hgoneaukj@yahoo.com,Holly-anne,Goneau,22-463,Radecznica,79 Oakridge Court
emollattkk@shutterfly.com,Esra,Mollatt,22-470,Zwierzyniec,17 Green Ridge Pass
gbeeswingkl@nationalgeographic.com,Guido,Beeswing,22-500,Hrubieszów,39 Everett Court
aburnhardkm@sbwire.com,Andeee,Burnhard,22-510,Uchanie,03003 Hazelcrest Crossing
mtorrisikn@php.net,Murdock,Torrisi,22-523,Horod?o,7 Lakeland Terrace
dbeaverko@comsenz.com,Desi,Beaver,22-525,Horod?o,80623 Almo Court
acramondkp@yandex.ru,Artus,Cramond,22-530,Mircze,0 Anhalt Hill
mvicarkq@networksolutions.com,Markus,Vicar,22-540,Do?hobyczów,30310 Menomonie Junction
cdallicoatkr@com.com,Cinderella,Dallicoat,22-546,Werbkowice,55 Scoville Point
rdafforneks@state.gov,Roth,Dafforne,22-550,Werbkowice,59 Southridge Road
iwiddicombekt@techcrunch.com,Irwinn,Widdicombe,22-554,Trzeszczany,50836 Morning Avenue
olauderdaleku@liveinternet.ru,Olenka,Lauderdale,22-600,Tomaszów Lubelski,3 Lakewood Gardens Hill
btschiersekv@spiegel.de,Bridie,Tschierse,22-604,Tarnawatka,0705 Walton Avenue
asuttellkw@ocn.ne.jp,Antoine,Suttell,22-610,Krynice,8 Mcbride Terrace
cmacleankx@nytimes.com,Cal,Maclean,22-630,Tyszowce,54881 Hagan Trail
anecoldsky@taobao.com,Analiese,Necolds,22-640,Rachanie,1242 Lunder Center
zcortezkz@drupal.org,Zenia,Cortez,22-650,?aszczów,24 Evergreen Trail
cstilgol0@amazon.co.jp,Corty,Stilgo,22-652,Telatyn,8349 South Way
agorwoodl1@oakley.com,Albertine,Gorwood,22-664,Jarczów,9140 Maple Drive
charcel2@jimdo.com,Cherilyn,Harce,22-670,Be??ec,7 Maywood Pass
hronaynel3@state.gov,Haze,Ronayne,22-672,Susiec,25 Village Green Drive
kwrethaml4@google.ru,Kailey,Wretham,22-678,Ulhówek,522 Mccormick Circle
wdumphriesl5@nps.gov,Wait,Dumphries,22-680,Lubycza Królewska,342 Jackson Court
ecafel6@cafepress.com,Eamon,Cafe,23-100,Bychawa,7 Twin Pines Trail
kcasterotl7@va.gov,Kearney,Casterot,23-107,Strzy?ewice,73164 Nancy Road
jpittfordl8@apple.com,Junie,Pittford,23-110,Krzczonów,03034 Roxbury Pass
agritlandl9@mozilla.org,Agnes,Gritland,23-114,Jab?onna,97948 Trailsway Place
mchurchleyla@hostgator.com,Muffin,Churchley,23-145,Wysokie,1599 Arizona Point
fbertsonlb@mashable.com,Felicity,Bertson,23-155,Zakrzew,8413 Hagan Center
adeerylc@altervista.org,Andriana,Deery,23-200,Kra?nik,6 Butterfield Pass
zbischopld@state.gov,Zaccaria,Bischop,23-204,Kra?nik,563 Debra Crossing
imottenle@pinterest.com,Isiahi,Motten,23-206,Kra?nik,054 Lakewood Gardens Hill
smcshirrielf@smugmug.com,Sean,McShirrie,23-212,Wilko?az,4 Darwin Plaza
bdominighilg@arizona.edu,Blane,Dominighi,23-213,Zakrzówek,49 Myrtle Road
tdepietrilh@cdbaby.com,Tobin,De Pietri,23-225,Szastarka,32 Calypso Crossing
tplanqueli@archive.org,Tybie,Planque,23-230,Trzydnik Du?y,98 Larry Plaza
dgormleylj@google.co.jp,Delphinia,Gormley,23-235,Annopol,8732 Randy Terrace
mrowleslk@mac.com,Moishe,Rowles,23-250,Urz?dów,2953 Basil Way
fpieteschll@comsenz.com,Felita,Pietesch,23-251,Dzierzkowice,3 Straubel Crossing
snapierlm@spiegel.de,Sunny,Napier,23-275,Go?cieradów,78595 Sommers Center
ldalziellln@google.co.uk,Land,Dalziell,23-300,Janów Lubelski,7 Crest Line Place
aoxherdlo@phpbb.com,Alaric,Oxherd,23-302,Godziszów,2947 Longview Avenue
dstrathdeelp@privacy.gov.au,Doyle,Strathdee,23-304,Dzwola,888 Shoshone Way
rbrightmanlq@cafepress.com,Raynor,Brightman,23-305,Chrzanów,20848 Delladonna Alley
rleverentzlr@so-net.ne.jp,Raphael,Leverentz,23-310,Modliborzyce,02 Russell Avenue
mmackiesonls@techcrunch.com,Michael,Mackieson,23-313,Potok Wielki,32 Bayside Point
hdenylt@hao123.com,Humphrey,Deny,23-320,Batorz,40689 Brentwood Court
spetyankinlu@marketwatch.com,Stefa,Petyankin,23-400,Bi?goraj,350 Logan Center
mgabbottlv@quantcast.com,Mal,Gabbott,23-407,Tereszpol,9 Hovde Park
aprangnelllw@mit.edu,Al,Prangnell,23-408,Aleksandrów,55942 Sommers Center
tzavittierilx@dot.gov,Tallie,Zavittieri,23-412,?ukowa,3 Hovde Lane
kstonefewingsly@marriott.com,Kiele,Stone Fewings,23-413,Obsza,32767 Larry Lane
mcopinlz@shop-pro.jp,Marrissa,Copin,23-414,Ksi??pol,5378 Manitowish Center
tlucm0@google.es,Travis,Luc,23-415,Ksi??pol,16246 Maple Wood Crossing
dclaxtonm1@goo.ne.jp,Dina,Claxton,23-420,Tarnogród,1 Pepper Wood Pass
csemechikm2@senate.gov,Cassaundra,Semechik,23-423,Potok Górny,082 Tennyson Alley
fpablom3@vinaora.com,Friederike,Pablo,23-425,Biszcza,3288 Old Shore Point
bwhiteleym4@live.com,Blythe,Whiteley,23-440,Frampol,0764 Mesta Place
tpapaminasm5@baidu.com,Tully,Papaminas,23-450,Goraj,1 Laurel Trail
bkieram6@goo.ne.jp,Barrett,Kiera,23-460,Józefów,7578 Randy Avenue
gmoodiem7@51.la,Garald,Moodie,23-465,Turobin,19 Lakewood Park
tgoodramm8@wikimedia.org,Torrence,Goodram,24-100,Pu?awy,535 Thierer Crossing
agrindallm9@tinyurl.com,Abbey,Grindall,24-103,?yrzyn,4517 Lerdahl Plaza
bbowkleyma@cam.ac.uk,Brit,Bowkley,24-105,Baranów,6709 Jay Drive
lmckeownmb@blinklist.com,Liliane,McKeown,24-120,Kazimierz Dolny,1 Grasskamp Drive
gfavelmc@theglobeandmail.com,Gasparo,Favel,24-123,Janowiec,898 Becker Trail
wmedinamd@squidoo.com,Whit,Medina,24-130,Ko?skowola,0 Utah Park
jraysdaleme@ted.com,Jaquenetta,Raysdale,24-150,Na??czów,4 Florence Hill
lgrimesmf@etsy.com,Larry,Grimes,24-160,W?wolnica,45 Pepper Wood Road
jzollnermg@tumblr.com,Jordanna,Zollner,24-170,Kurów,18845 Utah Center
rkryskamh@yandex.ru,Redd,Kryska,24-173,Markuszów,823 Esker Alley
tblackallermi@flavors.me,Tessie,Blackaller,24-200,Be??yce,0362 Miller Pass
bgurnettmj@mac.com,Bil,Gurnett,24-204,Wojciechów,654 Norway Maple Circle
apedrollomk@sohu.com,Abbott,Pedrollo,24-220,Niedrzwica Du?a,6695 Pankratz Way
ldeverehuntml@soup.io,Lani,De'Vere - Hunt,24-224,Borzechów,27902 Bashford Point
anorresmm@clickbank.net,Alfi,Norres,24-300,Opole Lubelskie,316 Caliangt Terrace
cwherrettmn@ustream.tv,Cathlene,Wherrett,24-310,Karczmiska,943 Badeau Avenue
tparkmanmo@npr.org,Tallulah,Parkman,24-313,Wilków,1 Weeping Birch Point
dhowmp@mozilla.com,Dahlia,How,24-320,Poniatowa,36 Raven Pass
bfrewmq@dedecms.com,Beatrice,Frew,24-335,?aziska,210 Grayhawk Street
hforrestmr@disqus.com,Haskel,Forrest,24-340,Józefów nad Wis??,63 Arkansas Road
fclayhillms@friendfeed.com,Farand,Clayhill,24-350,Chodel,30702 Summer Ridge Court
minkermt@europa.eu,Mayor,Inker,25-001,Kielce,2336 Independence Center
eteallmu@pagesperso-orange.fr,Edsel,Teall,25-090,Morawica,72657 Morrow Park
hguillondmv@constantcontact.com,Hube,Guillond,26-001,Mas?ów,105 Tennyson Lane
wsatterlymw@histats.com,Willette,Satterly,26-004,Bieliny,3270 Banding Pass
cclawsonmx@cmu.edu,Calla,Clawson,26-006,Nowa S?upia,85 Milwaukee Trail
zmacgrathmy@omniture.com,Zulema,MacGrath,26-008,Górno,86 Redwing Terrace
tbrusbymz@youtu.be,Torrie,Brusby,26-010,Bodzentyn,549 Melrose Road
beneasn0@linkedin.com,Bendite,Eneas,26-015,Pierzchnica,4961 Ramsey Street
cwlochn1@1und1.de,Courtney,Wloch,26-020,Chmielnik,7417 Upham Alley
fmuckersien2@macromedia.com,Fredericka,Muckersie,26-021,Daleszyce,1694 Ohio Circle
arablenn3@bbb.org,Ashley,Rablen,26-025,?agów,716 Debra Center
ecason4@apple.com,Ewan,Caso,26-026,Morawica,321 Fair Oaks Avenue
aovershottn5@fastcompany.com,Akim,Overshott,26-035,Raków,1 Mcbride Road
msawoodn6@surveymonkey.com,Morrie,Sawood,26-050,Zagna?sk,3934 Longview Trail
aebbagen7@sbwire.com,Amy,Ebbage,26-052,Sitkówka-Nowiny,557 Anderson Court
mgowern8@wordpress.com,Minnaminnie,Gower,26-060,Ch?ciny,64 Rigney Plaza
rwinsleyn9@admin.ch,Romona,Winsley,26-065,Piekoszów,84 Onsgard Parkway
ttibbettsna@apple.com,Tripp,Tibbetts,26-067,Strawczyn,83 Hanson Park
crichternb@state.tx.us,Carley,Richter,26-070,?opuszno,3 Waubesa Lane
lwinknc@dagondesign.com,Leola,Wink,26-080,Mniów,993 Vermont Lane
dferedaynd@ebay.com,Daria,Fereday,26-085,Miedziana Góra,67564 Oakridge Terrace
dkarpushkinne@e-recht24.de,Duane,Karpushkin,26-110,Skar?ysko-Kamienna,83 Service Lane
tlaidlawnf@paginegialle.it,Tommie,Laidlaw,26-115,Skar?ysko Ko?cielne,5 Doe Crossing Circle
ctreasadenng@digg.com,Corliss,Treasaden,26-120,Bli?yn,04466 Calypso Alley
fgoulternh@ft.com,Flore,Goulter,26-130,Suchedniów,1888 Kipling Terrace
khackneyni@i2i.jp,Karine,Hackney,26-140,??czna,0110 Corscot Junction
havonnj@slate.com,Hernando,Avon,26-200,Ko?skie,79390 Steensland Pass
jklessmannnk@unicef.org,Jory,Klessmann,26-212,Smyków,87927 Drewry Lane
kmarquetnl@canalblog.com,Kayley,Marquet,26-220,St?porków,54 Farwell Terrace
gdoolannm@deviantart.com,Gordy,Doolan,26-225,Gowarczów,9525 Moulton Plaza
ykrebernn@amazon.co.uk,Yale,Kreber,26-230,Radoszyce,3784 Vera Circle
awortmanno@stumbleupon.com,Astrid,Wortman,26-234,S?upia Konecka,79 Raven Street
bwhalesnp@baidu.com,Bradly,Whales,26-242,Ruda Maleniecka,5 Sachtjen Way
lcrassnq@nbcnews.com,Letty,Crass,26-260,Fa?ków,07682 Florence Point
jsavillenr@youtu.be,Joscelin,Saville,26-300,Opoczno,79527 Bartillon Circle
wingallns@so-net.ne.jp,Welch,Ingall,26-307,Bia?aczów,9989 Kipling Parkway
lmerveillent@irs.gov,Laurice,Merveille,26-315,Po?wi?tne,82209 Amoth Plaza
mtizzardnu@privacy.gov.au,Milly,Tizzard,26-330,?arnów,18 Gulseth Pass
kbiddellnv@moonfruit.com,Kristoforo,Biddell,26-332,S?awno,4212 Heath Lane
ogildernw@ow.ly,Oralla,Gilder,26-333,Parady?,9786 Bobwhite Pass
djebbnx@theatlantic.com,Daria,Jebb,26-337,Aleksandrów,43 Oxford Park
pblakestonny@domainmarket.com,Percy,Blakeston,26-340,Drzewica,48074 Waywood Crossing
jgrundellnz@techcrunch.com,Jourdan,Grundell,26-341,Mniszków,78 Everett Avenue
vreedyhougho0@blogger.com,Vergil,Reedyhough,26-400,Przysucha,89058 Russell Road
mlacroutso1@fotki.com,Maureene,Lacrouts,26-411,Rusinów,44849 Dennis Junction
lcuthillo2@imgur.com,Ludovika,Cuthill,26-414,Potworów,95 Petterle Trail
cpykermano3@cpanel.net,Claudette,Pykerman,26-415,Klwów,7073 Fallview Center
fgooldingo4@scientificamerican.com,Fleurette,Goolding,26-420,Nowe Miasto nad Pilic?,862 Melby Plaza
nerratto5@forbes.com,Nealon,Erratt,26-422,Borkowice,57862 Northridge Drive
fburgyno6@chronoengine.com,Francklyn,Burgyn,26-425,Odrzywó?,97126 Crescent Oaks Place
htrumbleo7@woothemes.com,Heinrick,Trumble,26-432,Wieniawa,444 Petterle Drive
ddurringtono8@dyndns.org,Dena,Durrington,26-434,Gielniów,5274 Dorton Park
mnorquayo9@rambler.ru,Madison,Norquay,26-500,Szyd?owiec,2 Lien Court
lburyoa@chicagotribune.com,Launce,Bury,26-502,Jastrz?b,61845 Morrow Place
kretallickob@qq.com,Kevyn,Retallick,26-503,Mirów,7831 Grayhawk Junction
jjacqueminotoc@latimes.com,Jessalin,Jacqueminot,26-505,Oro?sko,562 Westend Alley
hbrehautod@nymag.com,Harlen,Brehaut,26-510,Chlewiska,4269 Caliangt Terrace
jgillbanksoe@phoca.cz,Jocelyn,Gillbanks,26-601,Radom,56775 Jay Center
ajanotaof@gov.uk,Abram,Janota,26-603,Radom,456 Golf Course Drive
dcelandog@1688.com,Dorry,Celand,26-604,Radom,7256 Muir Terrace
ptroueloh@creativecommons.org,Paco,Trouel,26-605,Radom,81 Dayton Parkway
lchickenoi@eepurl.com,Leland,Chicken,26-606,Radom,59301 Arizona Avenue
rankersoj@wikipedia.org,Rosita,Ankers,26-609,Radom,0193 Anniversary Way
jhanscomeok@wordpress.com,Jobye,Hanscome,26-610,Radom,182 Dawn Circle
dhatchellol@vk.com,Darcee,Hatchell,26-611,Radom,25 Hayes Lane
ddrieuom@wikipedia.org,Devina,Drieu,26-612,Radom,019 Ramsey Avenue
mchristolon@usa.gov,Marcella,Christol,26-613,Radom,72 Hayes Way
nvenneroo@bloomberg.com,Nigel,Venner,26-615,Radom,2967 New Castle Terrace
mlacknerop@google.de,Marnie,Lackner,26-616,Radom,85818 North Hill
lparadisoq@slate.com,Lorri,Paradis,26-617,Radom,47079 Huxley Drive
ngreydonor@archive.org,Nate,Greydon,26-620,Radom,0626 Brickson Park Park
gferneyhoughos@drupal.org,Gates,Ferneyhough,26-624,Kowala,492 Independence Park
mgatrillot@ibm.com,Mommy,Gatrill,26-625,Wolanów,41952 Derek Junction
mnutkinsou@163.com,Marji,Nutkins,26-630,Jedlnia-Letnisko,3 Homewood Junction
phaburneov@ucsd.edu,Patten,Haburne,26-631,Jastrz?bia,2632 Bay Center
okleintow@yandex.ru,Orson,Kleint,26-634,Gózd,6 Saint Paul Crossing
amackeigox@ycombinator.com,Averell,MacKeig,26-640,Skaryszew,4287 Pearson Park
schannonoy@ow.ly,Sonnie,Channon,26-650,Przytyk,9583 Bay Park
foaktonoz@discuz.net,Felipe,Oakton,26-652,Zakrzew,89382 Logan Terrace
mhassettp0@sogou.com,Meryl,Hassett,26-660,Jedli?sk,9274 Talmadge Place
cfoundsp1@macromedia.com,Cybill,Founds,26-670,Pionki,4 Golf Circle
drosenblump2@barnesandnoble.com,Damiano,Rosenblum,26-680,Wierzbica,46665 Rigney Center
jmeadmorep3@alexa.com,Jandy,Meadmore,26-700,Zwole?,3563 Stuart Court
kpeggsp4@engadget.com,Kip,Peggs,26-704,Przy??k,97315 Granby Park
rgainfortp5@utexas.edu,Roch,Gainfort,26-706,Tczów,38499 Mcguire Avenue
mrollittp6@abc.net.au,Merv,Rollitt,26-713,Kazanów,17852 Hayes Junction
hgullyp7@shareasale.com,Hayes,Gully,26-720,Policzna,63 Columbus Street
cstorryp8@amazon.co.jp,Crystal,Storry,26-800,Bia?obrzegi,6368 Holy Cross Alley
rdowthwaitep9@deliciousdays.com,Rosanna,Dowthwaite,26-803,Promna,0 Petterle Hill
jbracegirdlepa@creativecommons.org,Jeana,Bracegirdle,26-804,Stromiec,05265 Carey Street
dbexleypb@wunderground.com,Demeter,Bexley,26-806,Stara B?otnica,0857 Cordelia Trail
ohuikerbypc@slideshare.net,Ole,Huikerby,26-807,Radzanów,61 Eggendart Road
jlackemannpd@google.ru,Jared,Lackemann,26-811,Wy?mierzyce,45228 Burrows Lane
lfontelpe@theguardian.com,Lindon,Fontel,26-900,Kozienice,994 Scofield Way
ggoncalopf@indiatimes.com,Gayla,Goncalo,26-902,Grabów nad Pilic?,1 Pine View Hill
nmahaddiepg@wikipedia.org,Norris,Mahaddie,26-903,G?owaczów,6297 Donald Terrace
sthurlbeckph@stanford.edu,Sayer,Thurlbeck,26-910,Magnuszew,95059 Bayside Road
cjordanpi@marriott.com,Corby,Jordan,26-914,Magnuszew,82696 Dennis Plaza
jbulledpj@un.org,Jdavie,Bulled,26-920,Gniewoszów,536 Montana Way
cshawepk@imgur.com,Cilka,Shawe,26-922,Sieciechów,71378 Carpenter Trail
rdeblepl@canalblog.com,Rosene,Deble,26-930,Garbatka-Letnisko,21209 Fremont Circle
aclemonpm@mozilla.com,Aldus,Clemon,27-100,I??a,50 Summer Ridge Hill
lhulancepn@google.ca,Louisa,Hulance,27-200,Starachowice,535 Burning Wood Terrace
sblissittpo@blinklist.com,Sebastiano,Blissitt,27-215,W?chock,8 Lakewood Gardens Court
hpyfordpp@ebay.co.uk,Hugh,Pyford,27-220,Mirzec,2465 Muir Way
bvergopq@techcrunch.com,Bertine,Vergo,27-225,Paw?ów,48811 Dottie Place
lchallenpr@ucoz.com,Lonni,Challen,27-230,Brody,4396 Glacier Hill Pass
smyrickps@auda.org.au,Sheeree,Myrick,27-300,Lipsko,37634 Mallory Street
mclendinningpt@va.gov,Maryellen,Clendinning,27-310,Ciepielów,30018 Victoria Center
memmittpu@illinois.edu,Myrvyn,Emmitt,27-312,Chotcza,3549 Merry Park
floughreypv@trellian.com,Franciska,Loughrey,27-320,Solec nad Wis??,91 Truax Point
jmoggiepw@yahoo.co.jp,Jaquenetta,Moggie,27-350,Sienno,4 Ronald Regan Pass
dbridgerpx@gmpg.org,Davon,Bridger,27-353,Rzeczniów,934 Debra Place
srosseypy@linkedin.com,Stephana,Rossey,27-400,Bodzechów,20800 Buell Point
iconcklinpz@senate.gov,Isa,Concklin,27-415,Kunów,15 Elgar Point
esowmanq0@sogou.com,Ephraim,Sowman,27-420,Bodzechów,42490 Dawn Drive
drizzielloq1@kickstarter.com,Danica,Rizziello,27-423,Ba?tów,14 Waxwing Road
nwedmoreq2@ed.gov,Nonie,Wedmore,27-425,Wa?niów,27629 Texas Avenue
ishillitoeq3@aboutads.info,Isidro,Shillitoe,27-440,?mielów,661 4th Lane
mmonkleyq4@hao123.com,Maximilianus,Monkley,27-500,Opatów,12464 Kenwood Point
hburfittq5@devhub.com,Harwell,Burfitt,27-515,Tar?ów,7382 Graedel Street
rbulmanq6@webmd.com,Rachael,Bulman,27-530,O?arów,47 Waubesa Avenue
dtomensonq7@auda.org.au,Desmund,Tomenson,27-532,Wojciechowice,3 Sutherland Plaza
nbaglinq8@cam.ac.uk,Nikolas,Baglin,27-540,Lipnik,18 Cascade Trail
ktinerq9@java.com,Krystle,Tiner,27-545,Lipnik,5947 Westerfield Junction
psilversmidqa@edublogs.org,Pernell,Silversmid,27-552,Ba?kowice,716 Di Loreto Lane
nevelingqb@slideshare.net,Noell,Eveling,27-570,Iwaniska,086 Tomscot Point
ndaymontqc@devhub.com,Nealon,Daymont,27-580,Sadowie,23312 Mccormick Place
sfatharlyqd@mit.edu,Sander,Fatharly,27-600,Dwikozy,1 Farwell Place
cdummettqe@wufoo.com,Curr,Dummett,27-612,Wilczyce,7 Village Green Center
bfaustianqf@delicious.com,Binny,Faustian,27-620,Dwikozy,8588 Chive Plaza
bwickardtqg@icq.com,Bryan,Wickardt,27-630,Zawichost,430 Onsgard Circle
lpastorqh@state.gov,Lurlene,Pastor,27-640,Klimontów,537 Forster Park
aboddieqi@pagesperso-orange.fr,Ann-marie,Boddie,27-641,Obrazów,87798 Farwell Alley
mbrotherhedqj@ifeng.com,Mina,Brotherhed,27-650,Samborzec,4 Summerview Hill
fwitardqk@aol.com,Farrel,Witard,27-660,Koprzywnica,67376 Tony Crossing
kbreadonql@exblog.jp,Klarrisa,Breadon,27-670,?oniów,555 Portage Way
bladenqm@friendfeed.com,Bengt,Laden,28-100,Busko-Zdrój,8 Anthes Trail
cguitelqn@stumbleupon.com,Candie,Guitel,28-114,Gnojno,700 Goodland Pass
emaryqo@unesco.org,Eleonora,Mary,28-130,Stopnica,3667 Thompson Parkway
cconnochieqp@imageshack.us,Corbie,Connochie,28-131,Solec-Zdrój,21 Schurz Pass
baucockqq@squarespace.com,Berny,Aucock,28-133,Pacanów,52323 Atwood Road
wpontonqr@behance.net,Willa,Ponton,28-136,Nowy Korczyn,62084 Cordelia Park
rmahonqs@hhs.gov,Reggis,Mahon,28-142,Tucz?py,2 Reinke Park
gsyneqt@nature.com,Guinevere,Syne,28-160,Wi?lica,9 Arapahoe Avenue
sfrossellqu@flickr.com,Sigrid,Frossell,28-200,Staszów,33919 Meadow Ridge Point
ibridgenqv@1und1.de,Illa,Bridgen,28-210,Bogoria,89 Mesta Terrace
thammantqw@irs.gov,Timothea,Hammant,28-220,Ole?nica,3046 Northfield Pass
soronanqx@ucoz.com,Sebastien,O' Ronan,28-221,Osiek,197 West Terrace
akeverenqy@mac.com,Aleen,Keveren,28-225,Szyd?ów,54073 Banding Plaza
ahueyqz@upenn.edu,Amelita,Huey,28-230,Po?aniec,811 Clarendon Trail
cclaydonr0@home.pl,Camile,Claydon,28-232,?ubnice,7022 Clyde Gallagher Park
rbowler1@ihg.com,Rossy,Bowle,28-236,Rytwiany,0213 Helena Pass
lsadryr2@unicef.org,Luca,Sadry,28-300,J?drzejów,3 Hanover Park
rslaneyr3@wikispaces.com,Reagan,Slaney,28-305,Sobków,775 Utah Trail
dcordovar4@sun.com,Debra,Cordova,28-313,Imielno,544 Hanson Place
sfyersr5@salon.com,Sharleen,Fyers,28-330,Wodzis?aw,73 Hallows Place
tmaudsleyr6@mashable.com,Tod,Maudsley,28-340,S?dziszów,4079 Linden Street
rcurmer7@issuu.com,Rudy,Curme,28-350,S?upia (J?drzejowska),7023 Portage Trail
okasbyer8@google.com.hk,Osbourn,Kasbye,28-362,Nag?owice,223 Pawling Alley
hcissonr9@shareasale.com,Humfried,Cisson,28-363,Oksa,68600 Schlimgen Junction
dpriestleyra@umich.edu,Dorette,Priestley,28-366,Ma?ogoszcz,6880 Golf Trail
amaylamrb@nsw.gov.au,Alaric,Maylam,28-400,Pi?czów,3361 Mallory Park
rwanellrc@nba.com,Roxie,Wanell,28-404,Kije,87 Kedzie Point
rscaddenrd@redcross.org,Reginauld,Scadden,28-411,Micha?ów,03448 Russell Point
jlunnonre@wordpress.org,Jacqui,Lunnon,28-425,Z?ota,2 Northport Court
cgurdonrf@si.edu,Courtnay,Gurdon,28-440,Dzia?oszyce,27 Vermont Alley
keasomrg@state.tx.us,Karyl,Easom,28-500,Kazimierza Wielka,25 Forster Crossing
grodellrh@kickstarter.com,Gena,Rodell,28-506,Czarnocin,47033 Chinook Way
smanhoodri@cloudflare.com,Sissy,Manhood,28-512,Bejsce,914 Rutledge Terrace
lnutteyrj@pagesperso-orange.fr,Luise,Nuttey,28-520,Opatowiec,67 Novick Drive
paddessrk@elegantthemes.com,Patsy,Addess,28-530,Skalbmierz,096 Bluestem Park
oeisakrl@list-manage.com,Oliy,Eisak,29-100,W?oszczowa,41094 Mockingbird Circle
yisakowiczrm@wufoo.com,Yule,Isakowicz,29-105,Krasocin,6166 Birchwood Trail
bvedyashkinrn@sina.com.cn,Blisse,Vedyashkin,29-120,Kluczewsko,41 Park Meadow Center
mwickhamro@cargocollective.com,Mady,Wickham,29-130,Moskorzew,723 John Wall Junction
dstookrp@statcounter.com,Dareen,Stook,29-135,Radków,064 Talmadge Trail
atandeyrq@ebay.co.uk,Averyl,Tandey,29-145,Secemin,07 Haas Hill
lmaudettrr@google.co.uk,Liz,Maudett,30-001,Kraków,9469 Charing Cross Way
